enrollee_id,city,city_development_index,gender,relevent_experience,enrolled_university,education_level,major_discipline,experience,company_size,company_type,last_new_job,training_hours
32403,city_41,0.827,Male,Has relevent experience,Full time course,Graduate,STEM,9,<10,,1,21
9858,city_103,0.92,Female,Has relevent experience,no_enrollment,Graduate,STEM,5,,Pvt Ltd,1,98
31806,city_21,0.624,Male,No relevent experience,no_enrollment,High School,,<1,,Pvt Ltd,never,15
27385,city_13,0.827,Male,Has relevent experience,no_enrollment,Masters,STEM,11,Oct-49,Pvt Ltd,1,39
27724,city_103,0.92,Male,Has relevent experience,no_enrollment,Graduate,STEM,>20,10000+,Pvt Ltd,>4,72
217,city_23,0.899,Male,No relevent experience,Part time course,Masters,STEM,10,,,2,12
21465,city_21,0.624,,Has relevent experience,no_enrollment,Graduate,STEM,<1,100-500,Pvt Ltd,1,11
27302,city_160,0.92,Female,Has relevent experience,no_enrollment,Graduate,STEM,>20,,,>4,81
12994,city_173,0.878,Male,Has relevent experience,no_enrollment,Graduate,STEM,14,,,4,2
16287,city_21,0.624,Male,Has relevent experience,Full time course,Graduate,,3,50-99,Funded Startup,1,4
10856,city_103,0.92,Male,Has relevent experience,no_enrollment,Masters,Other,>20,,,>4,196
9272,city_90,0.698,Male,Has relevent experience,no_enrollment,Graduate,STEM,20,Oct-49,Pvt Ltd,2,51
14249,city_46,0.762,Male,Has relevent experience,no_enrollment,Graduate,STEM,8,100-500,Other,never,48
24372,city_98,0.949,,Has relevent experience,no_enrollment,Masters,STEM,4,100-500,Pvt Ltd,1,134
14070,city_103,0.92,,No relevent experience,no_enrollment,Graduate,STEM,5,,,never,10
24914,city_21,0.624,,Has relevent experience,Full time course,Graduate,STEM,13,1000-4999,Pvt Ltd,1,125
7865,city_21,0.624,Male,Has relevent experience,no_enrollment,Masters,STEM,4,100-500,Pvt Ltd,1,4
7463,city_13,0.827,Male,Has relevent experience,no_enrollment,Masters,Business Degree,2,50-99,Pvt Ltd,1,31
21514,city_21,0.624,,Has relevent experience,no_enrollment,Graduate,STEM,6,,Pvt Ltd,4,23
29033,city_21,0.624,Male,No relevent experience,Full time course,,,2,,,never,110
15359,city_103,0.92,,No relevent experience,Full time course,Graduate,STEM,2,,,never,74
16001,city_103,0.92,,Has relevent experience,no_enrollment,Graduate,STEM,7,10000+,,1,44
25202,city_21,0.624,Male,Has relevent experience,no_enrollment,Graduate,STEM,6,1000-4999,Pvt Ltd,3,33
5058,city_103,0.92,Male,No relevent experience,Full time course,Graduate,STEM,1,,,1,81
23570,city_118,0.722,Male,Has relevent experience,no_enrollment,Graduate,STEM,19,100-500,Pvt Ltd,>4,19
19139,city_103,0.92,Female,Has relevent experience,Part time course,Graduate,STEM,15,,Public Sector,>4,48
9548,city_114,0.926,Male,Has relevent experience,no_enrollment,Masters,STEM,>20,50-99,Pvt Ltd,>4,65
8799,city_103,0.92,Male,No relevent experience,Full time course,Graduate,STEM,6,,Public Sector,1,46
11113,city_134,0.698,,Has relevent experience,no_enrollment,Masters,STEM,16,,Pvt Ltd,1,78
19437,city_21,0.624,,Has relevent experience,no_enrollment,Graduate,STEM,3,Oct-49,Pvt Ltd,,105
394,city_73,0.754,,Has relevent experience,Full time course,Graduate,STEM,5,50-99,Pvt Ltd,1,29
7683,city_103,0.92,Male,Has relevent experience,no_enrollment,Graduate,STEM,5,,,1,10
22849,city_116,0.743,,Has relevent experience,no_enrollment,,,,50-99,Pvt Ltd,never,12
17189,city_21,0.624,Male,Has relevent experience,no_enrollment,Graduate,STEM,7,10000+,Pvt Ltd,4,43
28610,city_16,0.91,Male,Has relevent experience,no_enrollment,Masters,STEM,>20,50-99,Pvt Ltd,>4,18
25608,city_165,0.903,,Has relevent experience,no_enrollment,Masters,STEM,17,50-99,Pvt Ltd,>4,8
22139,city_103,0.92,Male,Has relevent experience,Part time course,Graduate,STEM,>20,100-500,Pvt Ltd,>4,8
19644,city_61,0.913,Male,Has relevent experience,no_enrollment,Graduate,STEM,>20,10000+,Pvt Ltd,>4,145
18517,city_21,0.624,,No relevent experience,Full time course,Masters,STEM,<1,Oct-49,Pvt Ltd,1,22
12835,city_136,0.897,Male,Has relevent experience,no_enrollment,Masters,STEM,>20,<10,Early Stage Startup,1,9
20178,city_45,0.89,Male,Has relevent experience,no_enrollment,Masters,STEM,13,,Public Sector,1,20
25855,city_103,0.92,Female,Has relevent experience,no_enrollment,Graduate,Arts,4,50-99,Pvt Ltd,1,20
32126,city_160,0.92,Male,Has relevent experience,no_enrollment,Graduate,STEM,16,100-500,Pvt Ltd,4,130
22753,city_104,0.924,Male,Has relevent experience,no_enrollment,Graduate,STEM,>20,50-99,Pvt Ltd,2,3
18133,city_103,0.92,Male,No relevent experience,no_enrollment,Graduate,STEM,1,,,1,23
29242,city_21,0.624,Male,Has relevent experience,no_enrollment,Masters,STEM,5,100-500,Pvt Ltd,1,49
6312,city_160,0.92,Male,Has relevent experience,no_enrollment,Graduate,STEM,>20,,,1,270
113,city_16,0.91,Male,Has relevent experience,no_enrollment,Masters,STEM,6,1000-4999,Pvt Ltd,1,23
14685,city_114,0.926,Male,No relevent experience,Full time course,Masters,STEM,3,Oct-49,Pvt Ltd,1,35
20768,city_90,0.698,Male,No relevent experience,Full time course,High School,,2,,,never,87
25906,city_28,0.939,Male,Has relevent experience,no_enrollment,Graduate,STEM,19,50-99,Pvt Ltd,1,37
20142,city_104,0.924,Male,Has relevent experience,no_enrollment,Graduate,STEM,10,50-99,Pvt Ltd,1,158
25891,city_103,0.92,Male,Has relevent experience,no_enrollment,Graduate,STEM,>20,10000+,Pvt Ltd,>4,8
4742,city_149,0.689,,No relevent experience,no_enrollment,,,2,,,,114
2222,city_105,0.794,Male,Has relevent experience,no_enrollment,Graduate,Business Degree,14,100-500,Pvt Ltd,1,15
16917,city_103,0.92,,No relevent experience,Full time course,High School,,1,,,1,48
10493,city_21,0.624,,Has relevent experience,no_enrollment,Masters,STEM,8,1000-4999,Pvt Ltd,2,40
10418,city_76,0.698,Male,Has relevent experience,no_enrollment,,,7,100-500,Pvt Ltd,>4,91
9766,city_83,0.923,Male,Has relevent experience,no_enrollment,Graduate,STEM,5,1000-4999,Pvt Ltd,2,14
1361,city_103,0.92,Other,Has relevent experience,Full time course,Graduate,STEM,5,,,1,132
19625,city_97,0.925,Male,Has relevent experience,no_enrollment,High School,,7,50-99,Pvt Ltd,1,31
20943,city_160,0.92,Male,Has relevent experience,no_enrollment,Graduate,STEM,>20,10000+,Pvt Ltd,>4,8
9561,city_28,0.939,,Has relevent experience,no_enrollment,Masters,STEM,19,,,2,72
4271,city_13,0.827,,Has relevent experience,,Graduate,STEM,5,<10,Pvt Ltd,2,74
2094,city_64,0.666,Female,Has relevent experience,no_enrollment,Graduate,STEM,18,100-500,Pvt Ltd,>4,43
16931,city_31,0.807,Male,Has relevent experience,no_enrollment,Graduate,STEM,15,,,>4,134
27298,city_21,0.624,Male,No relevent experience,no_enrollment,Graduate,Arts,5,<10,Early Stage Startup,never,18
26493,city_136,0.897,Male,No relevent experience,Part time course,Graduate,STEM,8,,Public Sector,1,124
30745,city_19,0.682,Male,Has relevent experience,no_enrollment,Graduate,STEM,8,,,3,80
21052,city_90,0.698,Male,Has relevent experience,no_enrollment,Graduate,STEM,2,,,never,9
20723,city_11,0.55,Male,Has relevent experience,Full time course,Graduate,STEM,<1,50-99,Pvt Ltd,1,188
13539,city_143,0.74,Male,Has relevent experience,no_enrollment,Graduate,STEM,13,<10,Pvt Ltd,2,182
3214,city_16,0.91,Male,Has relevent experience,no_enrollment,Masters,STEM,>20,1000-4999,Pvt Ltd,4,282
16230,city_103,0.92,,No relevent experience,Full time course,High School,,1,,,never,84
25300,city_160,0.92,Male,Has relevent experience,no_enrollment,Graduate,STEM,7,<10,Early Stage Startup,1,59
24018,city_11,0.55,Male,Has relevent experience,Part time course,Graduate,STEM,3,Oct-49,Pvt Ltd,1,116
21833,city_16,0.91,Male,Has relevent experience,no_enrollment,Graduate,STEM,20,50-99,Pvt Ltd,>4,34
30632,city_114,0.926,Male,Has relevent experience,no_enrollment,Masters,STEM,12,50-99,Pvt Ltd,2,64
4334,city_103,0.92,Male,Has relevent experience,,High School,,9,,,2,19
22271,city_100,0.887,Male,No relevent experience,Full time course,Graduate,Other,15,,,3,77
28776,city_114,0.926,Male,Has relevent experience,no_enrollment,Masters,STEM,>20,10000+,Pvt Ltd,>4,56
27769,city_21,0.624,Male,No relevent experience,Full time course,Masters,STEM,2,,,1,73
25909,city_67,0.855,,Has relevent experience,no_enrollment,Masters,STEM,15,100-500,Pvt Ltd,>4,30
31266,city_114,0.926,Male,Has relevent experience,no_enrollment,Graduate,STEM,9,500-999,Pvt Ltd,>4,66
7973,city_114,0.926,Male,Has relevent experience,no_enrollment,Masters,STEM,14,10000+,Pvt Ltd,1,10
30867,city_21,0.624,,Has relevent experience,no_enrollment,Graduate,STEM,3,100-500,Pvt Ltd,1,100
22501,city_75,0.939,Male,Has relevent experience,no_enrollment,,,19,Oct-49,Pvt Ltd,>4,32
2539,city_13,0.827,Male,Has relevent experience,Full time course,Masters,STEM,10,10000+,Pvt Ltd,4,29
26681,city_103,0.92,Male,Has relevent experience,no_enrollment,Graduate,Business Degree,>20,10000+,Pvt Ltd,3,8
16184,city_127,0.745,,No relevent experience,Full time course,High School,,1,,,never,77
3852,city_103,0.92,Male,Has relevent experience,no_enrollment,Masters,STEM,>20,1000-4999,Pvt Ltd,>4,28
1680,city_19,0.682,Male,Has relevent experience,no_enrollment,Masters,STEM,19,1000-4999,,4,99
3562,city_114,0.926,Male,Has relevent experience,no_enrollment,Masters,STEM,>20,1000-4999,Pvt Ltd,2,41
8488,city_101,0.558,Male,Has relevent experience,Part time course,Masters,STEM,3,,,2,258
8373,city_103,0.92,Male,Has relevent experience,no_enrollment,Graduate,STEM,17,1000-4999,Pvt Ltd,3,144
2934,city_75,0.939,Male,Has relevent experience,no_enrollment,Phd,STEM,>20,1000-4999,Pvt Ltd,3,328
12919,city_103,0.92,Female,Has relevent experience,no_enrollment,Graduate,Humanities,4,,,1,47
4386,city_21,0.624,Male,No relevent experience,Full time course,High School,,3,<10,Early Stage Startup,2,36
22462,city_21,0.624,,Has relevent experience,no_enrollment,Graduate,STEM,9,10000+,NGO,1,30
13988,city_103,0.92,,Has relevent experience,Part time course,Masters,STEM,16,10000+,Pvt Ltd,>4,36
21230,city_103,0.92,,No relevent experience,no_enrollment,High School,,3,,,>4,41
26180,city_139,0.487,Male,No relevent experience,Full time course,Graduate,STEM,1,Oct-49,Pvt Ltd,never,64
16658,city_16,0.91,Male,Has relevent experience,no_enrollment,Graduate,Business Degree,16,50-99,Pvt Ltd,1,55
10324,city_16,0.91,Male,Has relevent experience,Part time course,Graduate,STEM,>20,10000+,Pvt Ltd,2,12
20453,city_27,0.848,Male,Has relevent experience,no_enrollment,Graduate,STEM,3,50-99,Pvt Ltd,never,4
13485,city_136,0.897,Male,Has relevent experience,no_enrollment,Masters,STEM,11,100-500,Pvt Ltd,2,23
33080,city_16,0.91,Male,Has relevent experience,no_enrollment,Graduate,STEM,>20,50-99,Pvt Ltd,never,32
25492,city_103,0.92,,Has relevent experience,no_enrollment,Graduate,STEM,>20,,,1,10
1319,city_71,0.884,Male,No relevent experience,Part time course,Graduate,STEM,<1,,,>4,18
19146,city_103,0.92,Male,Has relevent experience,no_enrollment,Graduate,STEM,18,50-99,,1,43
29339,city_67,0.855,Male,Has relevent experience,no_enrollment,Masters,STEM,15,50-99,Pvt Ltd,never,5
33177,city_16,0.91,Male,Has relevent experience,no_enrollment,Graduate,STEM,11,50-99,Pvt Ltd,1,8
22143,city_103,0.92,,Has relevent experience,no_enrollment,Graduate,STEM,>20,5000-9999,Pvt Ltd,1,34
22264,city_160,0.92,,Has relevent experience,no_enrollment,Graduate,STEM,6,,,1,58
17034,city_103,0.92,,Has relevent experience,Full time course,Graduate,STEM,5,10000+,Other,never,48
27002,city_21,0.624,Male,Has relevent experience,Full time course,Graduate,STEM,7,50-99,Pvt Ltd,>4,58
21318,city_103,0.92,Male,Has relevent experience,no_enrollment,Graduate,STEM,9,1000-4999,Pvt Ltd,1,7
12308,city_143,0.74,,No relevent experience,no_enrollment,Graduate,STEM,10,1000-4999,Public Sector,>4,84
842,city_21,0.624,Male,No relevent experience,Full time course,Graduate,STEM,7,,,1,12
4926,city_103,0.92,Male,No relevent experience,no_enrollment,High School,,1,,,never,22
3,city_99,0.915,,No relevent experience,Full time course,High School,,6,,Pvt Ltd,never,44
19567,city_21,0.624,Male,Has relevent experience,no_enrollment,Graduate,STEM,12,1000-4999,Pvt Ltd,1,42
12809,city_61,0.913,Male,Has relevent experience,no_enrollment,High School,,3,100-500,Pvt Ltd,1,48
22682,city_71,0.884,Male,No relevent experience,no_enrollment,Masters,STEM,2,1000-4999,Pvt Ltd,1,196
1216,city_173,0.878,Male,Has relevent experience,no_enrollment,Masters,STEM,>20,1000-4999,Pvt Ltd,2,80
4417,city_103,0.92,,No relevent experience,no_enrollment,,,,,,,99
24162,city_21,0.624,,Has relevent experience,no_enrollment,Graduate,STEM,<1,<10,Pvt Ltd,1,48
16873,city_103,0.92,,Has relevent experience,no_enrollment,Graduate,STEM,>20,5000-9999,Pvt Ltd,>4,95
21920,city_16,0.91,Female,No relevent experience,no_enrollment,Phd,STEM,19,1000-4999,NGO,1,64
24230,city_21,0.624,,Has relevent experience,Full time course,Masters,No Major,<1,<10,Early Stage Startup,,17
5189,city_16,0.91,,No relevent experience,,High School,,<1,,,1,64
24396,city_70,0.698,Male,Has relevent experiencee,no_enrollment,Graduate,STEM,18,100-500,Pvt Ltd,2,54
770,city_73,0.754,Male,Has relevent experience,no_enrollment,Masters,STEM,>20,50-99,Pvt Ltd,1,12
30913,city_103,0.92,Male,No relevent experience,no_enrollment,Graduate,STEM,>20,<10,Pvt Ltd,>4,19
14566,city_69,0.856,Femalee,Has relevent experience,Part time course,Graduate,STEM,7,500-999,Pvt Ltd,1,145
15634,city_61,0.913,Male,Has relevent experience,no_enrollment,Graduate,No Major,11,100-500,Pvt Ltd,>4,50
18163,city_64,0.666,,Has relevent experience,no_enrollment,High School,,2,,,never,135
16673,city_21,-0.624,,Has relevent experience,no_enrollment,Graduate,STEM,<1,,,1,3
18805,city_16,0.91,Male,No relevent experience,no_enrollment,Phd,Humanities,>20,,,>4,27
15367,city_103,0.92,Male,No relevent experience,Full time course,Graduate,STEM,<1,,,1,24
22556,city_21,0.624,Male,Has relevent experience,Full time course,Graduate,STEM,5,Oct-49,Funded Startup,1,120
27439,city_100,0.887,Male,Has relevent experience,Part time course,Graduate,STEM,15,,,1,61
18426,city_21,0.624,Male,Has relevent experience,no_enrollment,Graduate,STEM,10,,,1,23
9789,city_160,0.92,Male,Has relevent experience,no_enrollment,Graduate,STEM,>20,10000+,Pvt Ltd,>4,4
28172,city_114,0.926,,Has relevent experience,no_enrollment,Masters,STEM,>20,100-500,Pvt Ltd,>4,139
9184,city_136,0.897,Male,Has relevent experience,Part time course,Masters,STEM,3,10000+,Pvt Ltd,1,34
3587,city_16,0.91,Male,Has relevent experience,no_enrollment,Masters,Humanities,7,,Pvt Ltd,4,21
1167,city_103,0.92,Male,Has relevent experience,no_enrollment,Graduate,STEM,15,100-500,Pvt Ltd,4,10
1663,city_134,-0.698,,Has relevent experience,Part time course,Masters,STEM,>20,,,>4,15
20948,city_44,0.725,,Has relevent experience,no_enrollment,Masters,STEM,5,Oct-49,,,42
31594,city_41,0.827,Male,Has relevent experience,no_enrollment,Masters,STEM,>20,50-99,Funded Startup,>4,154
27117,city_90,0.698,Male,No relevent experience,Full time course,Graduate,STEM,<1,,,never,8
678,city_160,0.92,Male,Has relevent experience,no_enrollment,Graduate,STEM,>20,10000+,Pvt Ltd,1,84
1441,city_103,0.92,Male,No relevent experience,Full time course,Masters,STEM,16,,,never,96
31272,city_21,0.624,Male,Has relevent experience,no_enrollment,Graduate,STEM,13,5000-9999,Pvt Ltd,4,56
12443,city_149,0.689,Male,Has relevent experience,no_enrollment,High School,,6,100-500,Pvt Ltd,1,270
32981,city_165,0.903,Male,Has relevent experience,no_enrollment,Phd,STEM,>20,,,1,76
1317,city_103,0.92,,Has relevent experience,no_enrollment,Masters,STEM,12,100-500,Funded Startup,1,48
4601,city_28,0.939,Male,No relevent experience,no_enrollment,Phd,STEM,>20,5000-9999,Pvt Ltd,2,9
30498,city_83,0.923,,No relevent experience,no_enrollment,Graduate,STEM,3,Oct-49,Public Sector,never,27
7863,city_165,0.903,,No relevent experience,no_enrollment,Graduate,STEM,13,,,3,40
8744,city_150,0.698,Male,No relevent experience,Full time course,High School,,1,,,never,72
14698,city_160,0.92,Male,Has relevent experience,no_enrollment,Graduate,STEM,6,5000-9999,Pvt Ltd,1,66
10021,city_16,0.91,Female,Has relevent experience,no_enrollment,Graduate,STEM,5,10000+,Pvt Ltd,1,22
15253,city_16,0.91,Male,Has relevent experience,no_enrollment,Phd,STEM,>20,50-99,Funded Startup,3,156
18108,city_114,0.926,Male,Has relevent experience,no_enrollment,High School,,5,10000+,Pvt Ltd,>4,95
31410,city_160,0.92,Male,Has relevent experience,no_enrollment,Graduate,STEM,>20,100-500,Pvt Ltd,>4,35
30532,city_103,0.92,Male,Has relevent experience,no_enrollment,Graduate,STEM,16,500-999,Pvt Ltd,1,102
31733,city_103,0.92,Male,Has relevent experience,no_enrollment,Masters,STEM,>20,50-99,,>4,51
28833,city_21,0.624,Male,Has relevent experience,Full time course,Graduate,STEM,2,50-99,Pvt Ltd,1,88
8708,city_74,0.579,Male,Has relevent experience,Part time course,Masters,STEM,3,50-99,Pvt Ltd,1,13
10050,city_103,0.92,Male,Has relevent experience,no_enrollment,Masters,STEM,,10000+,Pvt Ltd,>4,20
21685,city_114,0.926,,No relevent experience,no_enrollment,Phd,STEM,15,10000+,Pvt Ltd,1,91
18529,city_143,0.74,Male,Has relevent experience,Full time course,Graduate,STEM,6,Oct-49,Pvt Ltd,4,34
1850,city_103,0.92,,No relevent experience,no_enrollment,Graduate,STEM,1,100-500,Public Sector,1,20
22639,city_176,0.764,Male,Has relevent experience,no_enrollment,Graduate,STEM,4,Oct-49,Pvt Ltd,1,77
5967,city_21,0.624,Male,Has relevent experience,no_enrollment,Masters,STEM,9,Oct-49,Pvt Ltd,>4,101
20977,city_16,0.91,Male,Has relevent experience,no_enrollment,High School,,>20,100-500,Pvt Ltd,1,178
5391,city_155,0.556,Male,No relevent experience,Full time course,Graduate,STEM,2,,,,29
4398,city_155,0.556,Male,Has relevent experience,no_enrollment,Graduate,STEM,7,50-99,,3,200
18383,city_21,0.624,Male,No relevent experience,no_enrollment,Masters,STEM,4,100-500,Pvt Ltd,1,15
17336,city_21,0.624,Male,No relevent experience,Full time course,High School,,2,,,never,72
7470,city_167,0.921,Male,Has relevent experience,Full time course,Graduate,STEM,7,100-500,Pvt Ltd,1,8
24781,city_103,0.92,Male,Has relevent experience,no_enrollment,Masters,STEM,>20,50-99,Pvt Ltd,2,76
24202,city_90,0.698,Male,Has relevent experience,no_enrollment,Graduate,STEM,7,,,1,9
20650,city_73,0.754,,Has relevent experience,Part time course,Graduate,STEM,6,Oct-49,Pvt Ltd,3,68
5377,city_114,0.926,Male,No relevent experience,no_enrollment,High School,,5,,Pvt Ltd,never,70
31693,city_103,0.92,Male,Has relevent experience,no_enrollment,Graduate,STEM,>20,1000-4999,Pvt Ltd,>4,51
28619,city_103,0.92,Male,,no_enrollment,Graduate,No Major,3,,,never,4
15432,city_114,0.926,,No relevent experience,no_enrollment,High School,,11,100-500,Pvt Ltd,>4,16
22999,city_21,0.624,Female,Has relevent experience,no_enrollment,Graduate,STEM,<1,100-500,Pvt Ltd,1,9
8377,city_16,0.91,Male,Has relevent experience,no_enrollment,Graduate,STEM,13,100-500,Pvt Ltd,2,24
9302,city_149,0.689,,Has relevent experience,no_enrollment,Graduate,STEM,9,,,2,152
16158,city_160,0.92,Male,Has relevent experience,no_enrollment,Graduate,STEM,7,50-99,Funded Startup,3,72
29575,city_11,0.55,Male,Has relevent experience,no_enrollment,Graduate,STEM,7,,,3,88
16573,city_28,0.939,Male,Has relevent experience,,Graduate,No Major,8,Oct-49,Pvt Ltd,2,138
30736,city_160,0.92,Male,No relevent experience,Full time course,High School,,2,,,1,48
20612,city_21,0.624,,Has relevent experience,no_enrollment,Graduate,STEM,1,100-500,Pvt Ltd,never,128
11976,city_136,0.897,Male,Has relevent experience,no_enrollment,Masters,STEM,14,,,1,59
28302,city_16,0.91,Male,Has relevent experience,no_enrollment,Graduate,STEM,5,<10,Pvt Ltd,1,138
9462,city_21,0.624,,No relevent experience,Part time course,,,1,,,never,204
14512,city_11,0.55,Male,Has relevent experience,Full time course,Graduate,STEM,4,50-99,,1,125
8401,city_136,0.897,Male,Has relevent experience,no_enrollment,Masters,STEM,6,50-99,Public Sector,2,7
19780,city_105,0.794,Female,Has relevent experience,no_enrollment,Masters,,,500-999,,1,53
2594,city_21,0.624,,No relevent experience,Full time course,High School,,2,,Pvt Ltd,never,12
1466,city_103,0.92,Male,Has relevent experience,no_enrollment,Masters,STEM,>20,10000+,Pvt Ltd,>4,52
17205,city_114,0.926,Female,Has relevent experience,no_enrollment,Masters,STEM,>20,,,never,24
12990,city_160,0.92,Male,Has relevent experience,no_enrollment,Graduate,STEM,16,100-500,Pvt Ltd,>4,67
4234,city_103,0.92,Male,Has relevent experience,no_enrollment,Graduate,STEM,19,10000+,Pvt Ltd,1,118
18171,city_103,0.92,Male,Has relevent experience,no_enrollment,Graduate,STEM,12,,,2,29
15457,city_114,0.926,Male,Has relevent experience,no_enrollment,Graduate,STEM,17,50-99,Pvt Ltd,>4,18
23319,city_21,0.624,Male,Has relevent experience,Full time course,Graduate,STEM,4,,,never,9
10598,city_136,0.897,Male,Has relevent experience,no_enrollment,Phd,STEM,14,<10,Early Stage Startup,1,7
7788,city_21,0.624,Male,Has relevent experience,no_enrollment,High School,,10,,,never,73
32021,city_103,0.92,Male,Has relevent experience,no_enrollment,Masters,Humanities,>20,100-500,Pvt Ltd,2,65
23969,city_30,0.698,Male,Has relevent experience,no_enrollment,,,>20,<10,Pvt Ltd,,67
13037,city_97,0.925,,Has relevent experience,no_enrollment,High School,,8,,,1,33
30196,city_114,0.926,Male,Has relevent experience,no_enrollment,Graduate,Humanities,2,<10,Early Stage Startup,1,56
19504,city_21,0.624,,Has relevent experience,no_enrollment,Graduate,STEM,4,Oct-49,Pvt Ltd,1,18
16336,city_21,0.624,Male,Has relevent experience,no_enrollment,Graduate,STEM,7,10000+,Pvt Ltd,>4,272
6048,city_103,0.92,,Has relevent experience,no_enrollment,Graduate,STEM,15,1000-4999,Pvt Ltd,2,29
6827,city_21,0.624,Male,Has relevent experience,no_enrollment,Graduate,STEM,2,100-500,Pvt Ltd,never,100
9268,city_160,0.92,Male,Has relevent experience,no_enrollment,,,>20,<10,Pvt Ltd,2,26
11169,city_21,0.624,Female,Has relevent experience,no_enrollment,Graduate,STEM,6,10000+,Pvt Ltd,1,13
31131,city_103,0.92,Female,No relevent experience,Part time course,Graduate,Other,3,5000-9999,Other,1,56
12361,city_21,0.624,,No relevent experience,Full time course,Graduate,STEM,<1,<10,Early Stage Startup,,23
15165,city_160,0.92,,No relevent experience,Part time course,Graduate,STEM,>20,,,,16
27773,city_114,0.926,Male,Has relevent experience,no_enrollment,Masters,,>20,50-99,Pvt Ltd,>4,200
15266,city_103,0.92,Male,Has relevent experience,no_enrollment,Graduate,STEM,7,5000-9999,Pvt Ltd,1,28
26289,city_89,0.925,Female,Has relevent experience,no_enrollment,Graduate,Humanities,3,<10,Pvt Ltd,2,12
32553,city_57,0.866,,No relevent experience,no_enrollment,Masters,STEM,12,,Pvt Ltd,never,26
33062,city_98,0.949,Male,Has relevent experience,no_enrollment,Graduate,STEM,9,<10,Early Stage Startup,1,174
8818,city_103,0.92,,Has relevent experience,no_enrollment,Primary School,,7,100-500,Pvt Ltd,1,39
15380,city_21,0.624,Male,Has relevent experience,no_enrollment,Graduate,STEM,5,500-999,Pvt Ltd,4,71
30120,city_11,0.55,Male,Has relevent experience,no_enrollment,Graduate,STEM,4,100-500,Pvt Ltd,never,114
24317,city_21,0.624,Male,Has relevent experience,no_enrollment,Graduate,STEM,9,,,2,12
412,city_103,0.92,Male,No relevent experience,no_enrollment,Graduate,STEM,17,<10,Pvt Ltd,2,56
30607,city_149,0.689,Male,Has relevent experience,Full time course,Graduate,STEM,4,1000-4999,Pvt Ltd,2,46
8513,city_16,0.91,Male,Has relevent experience,Full time course,Masters,STEM,7,,,1,24
8596,city_41,0.827,,Has relevent experience,Full time course,High School,,4,100-500,Pvt Ltd,2,152
14539,city_69,0.856,Male,Has relevent experience,no_enrollment,Graduate,STEM,7,<10,Funded Startup,1,20
20456,city_21,0.624,,Has relevent experience,Full time course,Graduate,STEM,6,10000+,Pvt Ltd,never,202
15221,city_114,0.926,Male,Has relevent experience,no_enrollment,,,2,,,never,10
28968,city_150,0.698,Male,Has relevent experience,Part time course,High School,,2,50-99,NGO,2,78
21648,city_61,0.913,Male,Has relevent experience,no_enrollment,Masters,STEM,20,1000-4999,Pvt Ltd,never,60
3210,city_103,0.92,Male,Has relevent experience,no_enrollment,Graduate,STEM,17,Oct-49,Pvt Ltd,3,20
22118,city_103,0.92,,Has relevent experience,no_enrollment,Graduate,STEM,6,,,2,82
5605,city_76,0.698,Other,Has relevent experience,no_enrollment,Graduate,STEM,9,10000+,Public Sector,3,194
30930,city_67,0.855,Male,Has relevent experience,no_enrollment,Graduate,STEM,>20,<10,Pvt Ltd,never,248
28718,city_104,0.924,Male,Has relevent experience,no_enrollment,Graduate,STEM,>20,,,1,68
8141,city_103,0.92,,No relevent experience,no_enrollment,Graduate,STEM,>20,,,>4,36
3486,city_165,0.903,Male,Has relevent experience,no_enrollment,Phd,STEM,14,100-500,Pvt Ltd,>4,61
8805,city_103,0.92,Male,Has relevent experience,no_enrollment,Masters,STEM,>20,50-99,Funded Startup,2,66
6602,city_162,0.767,,Has relevent experience,Full time course,Graduate,STEM,6,Oct-49,Pvt Ltd,1,119
14916,city_64,0.666,Male,Has relevent experience,no_enrollment,Graduate,STEM,15,Oct-49,Funded Startup,1,78
21636,city_36,0.893,,No relevent experience,no_enrollment,Graduate,STEM,>20,10000+,Pvt Ltd,>4,47
9047,city_103,0.92,Other,Has relevent experience,no_enrollment,Graduate,STEM,>20,,,>4,174
6694,city_16,0.91,Female,Has relevent experience,no_enrollment,Graduate,STEM,19,Oct-49,Pvt Ltd,>4,85
17793,city_74,0.579,,Has relevent experience,no_enrollment,Graduate,STEM,6,50-99,Pvt Ltd,>4,86
32857,city_16,0.91,Male,Has relevent experience,no_enrollment,High School,,7,10000+,Pvt Ltd,1,20
26325,city_21,0.624,Male,No relevent experience,,,,3,,,never,38
20907,city_103,0.92,Male,Has relevent experience,no_enrollment,Masters,STEM,5,,,2,212
12617,city_90,0.698,,Has relevent experience,no_enrollment,High School,,11,<10,Pvt Ltd,2,77
24295,city_105,0.794,Male,Has relevent experience,no_enrollment,Masters,STEM,10,100-500,Pvt Ltd,2,85
32409,city_21,0.624,Male,Has relevent experience,no_enrollment,Graduate,STEM,8,500-999,NGO,1,57
16713,city_103,,Male,Has relevent experience,no_enrollment,Graduate,Arts,13,50-99,Pvt Ltd,>4,51
4863,city_107,0.518,Male,No relevent experience,Full time course,High School,,2,,Pvt Ltd,never,28
13274,city_101,0.558,Male,Has relevent experience,no_enrollment,High School,,3,,,never,14
12462,city_21,0.624,Male,Has relevent experience,,Graduate,STEM,<1,50-99,Pvt Ltd,1,5
8524,city_83,0.923,,Has relevent experience,no_enrollment,Graduate,STEM,20,100-500,Funded Startup,1,51
21728,city_57,0.866,Male,Has relevent experience,no_enrollment,Masters,STEM,10,100-500,,1,32
20577,city_21,0.624,Female,No relevent experience,Full time course,High School,,2,10000+,Pvt Ltd,never,40
3407,city_128,0.527,,Has relevent experience,no_enrollment,Graduate,STEM,6,Oct-49,Pvt Ltd,1,4
27184,city_28,0.939,Male,Has relevent experience,no_enrollment,Masters,STEM,>20,,,3,54
28845,city_39,0.898,Male,Has relevent experience,no_enrollment,Graduate,STEM,14,500-999,Public Sector,1,50
2851,city_102,0.804,Male,Has relevent experience,no_enrollment,Graduate,STEM,6,Oct-49,Pvt Ltd,4,18
485,city_16,0.91,Male,Has relevent experience,no_enrollment,Graduate,STEM,12,,,1,200
7207,city_114,0.926,Male,Has relevent experience,no_enrollment,Masters,STEM,13,100-500,Pvt Ltd,1,107
9005,city_21,0.624,Male,No relevent experience,no_enrollment,Masters,STEM,6,100-500,Pvt Ltd,>4,200
4532,city_67,0.855,Male,Has relevent experience,no_enrollment,High School,,3,100-500,Funded Startup,1,5
23235,city_103,0.92,Male,Has relevent experience,no_enrollment,Phd,STEM,>20,<10,Public Sector,>4,21
5403,city_67,0.855,Male,No relevent experience,no_enrollment,High School,,6,,Pvt Ltd,never,138
8232,city_103,0.92,Male,Has relevent experience,no_enrollment,Graduate,Arts,17,50-99,Pvt Ltd,3,103
40,city_21,0.624,Male,Has relevent experience,no_enrollment,Graduate,STEM,11,5000-9999,Pvt Ltd,never,109
8991,city_160,0.92,Male,No relevent experience,Full time course,Graduate,STEM,3,,,1,66
28620,city_103,0.92,Male,Has relevent experience,no_enrollment,Graduate,STEM,5,10000+,Pvt Ltd,never,26
16355,city_21,0.624,Female,Has relevent experience,no_enrollment,Masters,STEM,5,10000+,Pvt Ltd,1,72
18340,city_21,0.624,Female,Has relevent experience,Full time course,Graduate,STEM,5,,Public Sector,1,182
5138,city_19,0.682,Male,No relevent experience,Full time course,Graduate,STEM,2,,,never,40
12391,city_99,0.915,,No relevent experience,Full time course,High School,,3,,,,23
15550,city_16,0.91,Male,Has relevent experience,Full time course,High School,,3,50-99,Pvt Ltd,1,19
27155,city_16,0.91,,No relevent experience,,Primary School,,>20,,,never,150
19883,city_23,0.899,Female,Has relevent experience,no_enrollment,Graduate,STEM,3,,,2,30
25140,city_65,0.802,,Has relevent experience,Part time course,Graduate,STEM,6,,,2,25
27463,city_10,0.895,,No relevent experience,no_enrollment,Masters,STEM,>20,100-500,Pvt Ltd,2,62
23894,city_73,0.754,,No relevent experience,Full time course,Graduate,STEM,2,,,never,89
18285,city_103,0.92,,Has relevent experience,no_enrollment,Masters,STEM,12,50-99,Pvt Ltd,3,26
25415,city_102,0.804,Male,Has relevent experience,Part time course,Graduate,STEM,>20,,,1,24
9894,city_102,0.804,Male,Has relevent experience,no_enrollment,Graduate,Humanities,3,<10,Pvt Ltd,1,23
15242,city_103,0.92,Male,Has relevent experience,no_enrollment,Graduate,STEM,>20,,,>4,15
8485,city_40,0.776,Male,No relevent experience,Full time course,Graduate,STEM,8,,,2,31
11982,city_136,0.897,Male,Has relevent experience,no_enrollment,Masters,STEM,16,50-99,,never,27
28370,city_103,0.92,Male,Has relevent experience,no_enrollment,Graduate,STEM,>20,,,1,112
17047,city_103,0.92,,No relevent experience,no_enrollment,,,>20,500-999,,2,84
24941,city_21,0.624,,No relevent experience,Full time course,Graduate,STEM,4,50-99,Pvt Ltd,1,56
28936,city_90,0.698,Male,Has relevent experience,no_enrollment,Graduate,STEM,12,<10,,,52
9562,city_73,0.754,Male,Has relevent experience,no_enrollment,Graduate,STEM,>20,,,1,167
30061,city_16,0.91,Male,Has relevent experience,no_enrollment,Masters,STEM,3,Oct-49,Funded Startup,1,67
2718,city_11,0.55,Male,Has relevent experience,no_enrollment,Graduate,STEM,5,50-99,Funded Startup,1,45
24681,city_160,0.92,Male,Has relevent experience,no_enrollment,Graduate,STEM,>20,1000-4999,Public Sector,>4,200
16210,city_73,0.754,Male,Has relevent experience,no_enrollment,Masters,STEM,10,100-500,Funded Startup,1,106
1517,city_103,0.92,Male,No relevent experience,Full time course,Graduate,STEM,8,10000+,Pvt Ltd,1,92
29475,city_103,0.92,Male,No relevent experience,Full time course,High School,,8,500-999,NGO,1,4
32233,city_11,0.55,,No relevent experience,no_enrollment,Graduate,STEM,<1,,,never,81
26601,city_16,0.91,Male,Has relevent experience,no_enrollment,Graduate,Humanities,>20,,,1,23
22457,city_21,0.624,,Has relevent experience,,Graduate,STEM,4,100-500,,1,15
30759,city_74,0.579,Male,No relevent experience,no_enrollment,Graduate,Other,2,Oct-49,NGO,1,163
27417,city_103,0.92,Male,Has relevent experience,no_enrollment,Masters,STEM,>20,10000+,Pvt Ltd,>4,100
18983,city_16,0.91,Male,No relevent experience,Full time course,Graduate,STEM,3,,Pvt Ltd,1,27
32085,city_103,0.92,Male,Has relevent experience,no_enrollment,Graduate,STEM,9,1000-4999,,2,11
13197,city_103,0.92,Female,Has relevent experience,no_enrollment,Graduate,STEM,>20,50-99,Pvt Ltd,1,108
14026,city_160,0.92,,Has relevent experience,no_enrollment,Graduate,STEM,17,,,>4,39
19719,city_21,0.624,Male,Has relevent experience,no_enrollment,Graduate,STEM,6,50-99,Pvt Ltd,2,77
30046,city_114,0.926,Male,Has relevent experience,Full time course,Masters,STEM,5,1000-4999,Public Sector,1,90
10446,city_11,0.55,,No relevent experience,Full time course,High School,,1,,,1,48
30892,city_103,0.92,Male,Has relevent experience,no_enrollment,Graduate,STEM,3,500-999,Pvt Ltd,1,10
31017,city_149,0.689,Female,No relevent experience,no_enrollment,Graduate,STEM,4,50-99,Early Stage Startup,1,41
23803,city_71,0.884,Male,Has relevent experience,Part time course,Graduate,STEM,5,50-99,Pvt Ltd,2,30
6831,city_128,0.527,Male,Has relevent experience,no_enrollment,Graduate,STEM,9,50-99,Pvt Ltd,>4,38
20380,city_21,0.624,Male,No relevent experience,Full time course,Masters,STEM,3,,Pvt Ltd,1,28
15629,city_114,0.926,Male,Has relevent experience,no_enrollment,Masters,STEM,18,1000-4999,Pvt Ltd,2,21
17342,city_114,0.926,Female,No relevent experience,Part time course,High School,,16,1000-4999,,2,6
22359,city_103,0.92,Male,No relevent experience,no_enrollment,,,4,,,never,176
27610,city_27,0.848,Male,Has relevent experience,no_enrollment,Graduate,STEM,9,<10,Pvt Ltd,2,31
26769,city_102,0.804,,No relevent experience,Full time course,Graduate,STEM,4,,,never,94
3979,city_73,0.754,,Has relevent experience,no_enrollment,Graduate,STEM,7,10000+,Pvt Ltd,1,18
25171,city_16,0.91,,No relevent experience,Full time course,Graduate,STEM,3,<10,Early Stage Startup,1,45
23379,city_67,0.855,Male,No relevent experience,Part time course,Graduate,STEM,16,,,>4,129
18138,city_27,0.848,Male,Has relevent experience,no_enrollment,Graduate,STEM,9,100-500,Pvt Ltd,1,28
31687,city_173,0.878,Male,Has relevent experience,no_enrollment,High School,,<1,Oct-49,Funded Startup,1,105
23739,city_102,0.804,Male,Has relevent experience,no_enrollment,Masters,STEM,11,,,2,58
8392,city_21,0.624,Male,No relevent experience,Full time course,Graduate,STEM,3,Oct-49,Early Stage Startup,1,4
6427,city_75,0.939,Male,Has relevent experience,Part time course,Phd,Arts,>20,,,>4,51
27813,city_16,0.91,Male,Has relevent experience,no_enrollment,Phd,Humanities,16,5000-9999,Public Sector,>4,258
20687,city_104,0.924,,No relevent experience,Full time course,High School,,5,100-500,Pvt Ltd,,30
22527,city_33,0.448,Male,No relevent experience,no_enrollment,Graduate,STEM,4,,,2,100
33343,city_21,0.624,Male,Has relevent experience,no_enrollment,Graduate,STEM,<1,100-500,Pvt Ltd,1,52
818,city_103,0.92,Female,No relevent experience,no_enrollment,Graduate,Humanities,>20,10000+,Pvt Ltd,4,10
31669,city_21,0.624,Male,No relevent experience,Full time course,High School,,<1,,,never,113
10952,city_16,0.91,Male,No relevent experience,Full time course,Graduate,STEM,8,1000-4999,Public Sector,1,71
16331,city_61,0.913,Male,Has relevent experience,no_enrollment,Graduate,STEM,16,1000-4999,Pvt Ltd,1,56
32029,city_103,0.92,Male,Has relevent experience,no_enrollment,Phd,STEM,20,10000+,Public Sector,3,110
21152,city_103,0.92,Male,Has relevent experience,no_enrollment,Graduate,Humanities,3,1000-4999,Pvt Ltd,3,18
23488,city_16,0.91,Male,No relevent experience,no_enrollment,Graduate,STEM,17,10000+,Pvt Ltd,>4,4
11945,city_21,0.624,Male,No relevent experience,Full time course,High School,,4,,,never,65
1670,city_103,0.92,Female,No relevent experience,Full time course,Graduate,STEM,2,<10,Public Sector,1,11
16104,city_103,0.92,,No relevent experience,no_enrollment,High School,,<1,,,never,44
4158,city_103,0.92,,No relevent experience,no_enrollment,High School,,4,5000-9999,Public Sector,2,12
29781,city_16,0.91,Male,Has relevent experience,no_enrollment,Graduate,Business Degree,4,50-99,Funded Startup,3,83
6720,city_21,0.624,,Has relevent experience,Full time course,,,2,Oct-49,,,68
14369,city_79,0.698,,Has relevent experience,Full time course,Masters,STEM,11,,,1,220
20235,city_91,0.691,Male,Has relevent experience,no_enrollment,High School,,17,50-99,Funded Startup,1,9
3617,city_16,0.91,,Has relevent experience,no_enrollment,Graduate,STEM,>20,50-99,Public Sector,3,66
30756,city_21,0.624,,Has relevent experience,Full time course,Graduate,STEM,11,,,never,43
22625,city_21,0.624,,Has relevent experience,no_enrollment,Graduate,STEM,5,100-500,Public Sector,2,79
22057,city_21,0.624,Male,Has relevent experience,no_enrollment,Graduate,STEM,5,100-500,Pvt Ltd,3,69
20635,city_21,0.624,,No relevent experience,Part time course,Graduate,STEM,1,10000+,Pvt Ltd,1,80
1588,city_160,0.92,,No relevent experience,Full time course,High School,,1,500-999,Pvt Ltd,1,53
234,city_103,0.92,Male,Has relevent experience,no_enrollment,Graduate,STEM,11,100-500,Pvt Ltd,2,151
18752,city_33,0.448,Male,Has relevent experience,no_enrollment,Masters,STEM,9,,,1,40
18128,city_16,0.91,Male,Has relevent experience,no_enrollment,Masters,STEM,10,50-99,Pvt Ltd,1,112
18260,city_159,0.843,Male,Has relevent experience,no_enrollment,Graduate,STEM,10,,,2,6
19332,city_103,0.92,,Has relevent experience,no_enrollment,Graduate,STEM,16,1000-4999,Public Sector,3,12
9564,city_103,0.92,,Has relevent experience,no_enrollment,Graduate,STEM,9,1000-4999,Pvt Ltd,3,72
5685,city_114,0.926,Male,Has relevent experience,no_enrollment,Masters,STEM,>20,Oct-49,Pvt Ltd,>4,53
18063,city_105,0.794,,Has relevent experience,no_enrollment,Graduate,STEM,3,50-99,Pvt Ltd,1,73
27124,city_103,0.92,Male,Has relevent experience,no_enrollment,Graduate,STEM,>20,10000+,Public Sector,>4,4
3395,city_53,0.74,Male,No relevent experience,Full time course,High School,,3,,,1,127
22310,city_103,0.92,Female,Has relevent experience,no_enrollment,Graduate,STEM,5,10000+,Pvt Ltd,1,85
15977,city_175,0.776,Male,No relevent experience,Full time course,High School,,2,<10,,1,27
4917,city_103,0.92,Male,Has relevent experience,Part time course,Graduate,STEM,5,10000+,Public Sector,>4,128
19102,city_9,0.743,Male,Has relevent experience,Full time course,,,19,Oct-49,Funded Startup,2,128
23275,city_103,0.92,,No relevent experience,Full time course,High School,,5,,,1,7
13157,city_103,0.92,Male,Has relevent experience,Part time course,Graduate,STEM,11,,,1,40
13269,city_103,0.92,Male,Has relevent experience,no_enrollment,Graduate,Humanities,7,1000-4999,NGO,1,170
29977,city_21,0.624,,Has relevent experience,Full time course,Graduate,STEM,9,,,1,72
20571,city_114,0.926,Male,Has relevent experience,no_enrollment,Masters,STEM,10,10000+,Pvt Ltd,1,39
23883,city_128,0.527,Male,Has relevent experience,Part time course,Masters,STEM,16,5000-9999,Public Sector,>4,70
33033,city_103,0.92,Male,Has relevent experience,no_enrollment,Graduate,Humanities,3,,,1,12
10579,city_101,0.558,,Has relevent experience,Full time course,Graduate,STEM,5,500-999,Pvt Ltd,,118
5258,city_21,0.624,,No relevent experience,Full time course,Graduate,STEM,4,1000-4999,Pvt Ltd,2,25
853,city_103,0.92,,Has relevent experience,no_enrollment,Graduate,STEM,10,100-500,Public Sector,2,11
27245,city_21,0.624,Male,Has relevent experience,no_enrollment,Masters,STEM,16,1000-4999,Pvt Ltd,1,36
30670,city_103,0.92,Female,Has relevent experience,no_enrollment,Graduate,STEM,6,,,1,43
22497,city_26,0.698,Other,Has relevent experience,Part time course,High School,,5,100-500,,1,41
3218,city_102,0.804,Male,Has relevent experience,no_enrollment,Graduate,STEM,16,100-500,Pvt Ltd,1,33
464,city_114,0.926,,No relevent experience,Full time course,High School,,20,,Pvt Ltd,never,76
15770,city_160,0.92,Male,Has relevent experience,no_enrollment,High School,,>20,Oct-49,Funded Startup,>4,58
18264,city_114,0.926,Female,Has relevent experience,no_enrollment,Primary School,,>20,Oct-49,Pvt Ltd,>4,54
32066,city_21,0.624,,Has relevent experience,no_enrollment,Graduate,STEM,1,100-500,Pvt Ltd,1,78
11386,city_103,0.92,Male,Has relevent experience,no_enrollment,Masters,STEM,10,,,3,66
17502,city_136,0.897,Male,Has relevent experience,no_enrollment,Graduate,STEM,5,,,1,107
32273,city_21,0.624,,Has relevent experience,Full time course,Masters,STEM,8,50-99,Pvt Ltd,1,35
27543,city_65,0.802,Male,Has relevent experience,no_enrollment,Graduate,STEM,>20,Oct-49,Pvt Ltd,1,53
16317,city_21,0.624,Male,Has relevent experience,Full time course,Graduate,STEM,3,100-500,Pvt Ltd,2,18
2852,city_67,0.855,Male,Has relevent experience,no_enrollment,Masters,STEM,16,100-500,Pvt Ltd,2,30
5056,city_103,0.92,Male,No relevent experience,Full time course,Masters,Humanities,>20,10000+,Public Sector,2,106
17504,city_160,0.92,Other,No relevent experience,no_enrollment,Graduate,STEM,<1,,,never,3
24585,city_21,0.624,,Has relevent experience,no_enrollment,Graduate,STEM,8,100-500,Pvt Ltd,1,55
11734,city_134,0.698,,No relevent experience,,Primary School,,6,,,never,196
16675,city_67,0.855,Male,Has relevent experience,no_enrollment,Masters,STEM,5,10000+,Pvt Ltd,1,40
23344,city_11,0.55,Male,Has relevent experience,no_enrollment,Masters,STEM,9,,,2,324
21786,city_57,0.866,Male,No relevent experience,no_enrollment,Masters,STEM,6,<10,Pvt Ltd,>4,14
31079,city_21,0.624,Male,Has relevent experience,no_enrollment,Masters,STEM,2,50-99,Pvt Ltd,never,8
33251,city_114,0.926,Male,Has relevent experience,,Masters,STEM,>20,10000+,Pvt Ltd,>4,76
7805,city_114,0.926,Male,Has relevent experience,no_enrollment,Graduate,STEM,18,100-500,Pvt Ltd,1,47
8911,city_103,0.92,Male,Has relevent experience,no_enrollment,Graduate,STEM,>20,,,>4,9
7315,city_26,0.698,Male,Has relevent experience,Full time course,Graduate,STEM,11,<10,,2,37
28132,city_77,0.83,Male,No relevent experience,Full time course,Graduate,STEM,6,,,1,53
8367,city_104,0.924,Male,Has relevent experience,no_enrollment,Graduate,STEM,>20,,,>4,110
27909,city_104,0.924,Male,No relevent experience,Full time course,High School,,10,Oct-49,Funded Startup,3,54
32320,city_160,0.92,Male,Has relevent experience,no_enrollment,Graduate,STEM,17,Oct-49,Public Sector,1,182
15441,city_114,0.926,Male,Has relevent experience,no_enrollment,Graduate,STEM,18,50-99,Pvt Ltd,1,146
25999,city_65,0.802,Male,No relevent experience,Full time course,Graduate,STEM,4,,,1,40
20169,city_103,0.92,,No relevent experience,Full time course,High School,,3,,,never,24
11682,city_104,0.924,Male,No relevent experience,Full time course,Masters,STEM,3,,,1,42
26581,city_1,0.847,Male,Has relevent experience,no_enrollment,Graduate,STEM,5,50-99,,2,18
14832,city_11,0.55,,Has relevent experience,no_enrollment,Graduate,STEM,8,<10,Public Sector,1,20
18023,city_70,0.698,Male,Has relevent experience,Part time course,Graduate,STEM,4,10000+,Pvt Ltd,1,48
18963,city_16,0.91,Male,Has relevent experience,Part time course,High School,,4,Oct-49,Pvt Ltd,1,116
9105,city_123,0.738,Female,Has relevent experience,Part time course,Graduate,Other,4,50-99,Pvt Ltd,2,42
18344,city_21,0.624,Male,No relevent experience,,Graduate,STEM,<1,,,never,45
576,city_103,0.92,Male,Has relevent experience,no_enrollment,Graduate,STEM,>20,100-500,Pvt Ltd,2,22
2656,city_114,0.926,Male,No relevent experience,Full time course,Masters,STEM,8,100-500,Public Sector,1,50
16881,city_103,0.92,Male,Has relevent experience,no_enrollment,Phd,STEM,>20,50-99,Pvt Ltd,1,25
30245,city_11,0.55,Male,No relevent experience,Full time course,High School,,4,,,never,76
9630,city_103,0.92,Male,Has relevent experience,no_enrollment,Graduate,STEM,>20,1000-4999,Pvt Ltd,>4,43
3580,city_103,0.92,Male,Has relevent experience,no_enrollment,Graduate,STEM,>20,10000+,Pvt Ltd,2,70
14773,city_16,0.91,Male,Has relevent experience,no_enrollment,High School,,8,,,2,12
31238,city_116,0.743,Male,Has relevent experience,no_enrollment,Graduate,STEM,8,100-500,Pvt Ltd,1,2
1633,city_89,0.925,,Has relevent experience,no_enrollment,Graduate,STEM,>20,5000-9999,Pvt Ltd,>4,111
1995,city_136,0.897,,No relevent experience,Full time course,Graduate,STEM,4,,,,70
30587,city_160,0.92,Male,Has relevent experience,no_enrollment,Graduate,No Major,3,50-99,Pvt Ltd,1,71
32369,city_98,0.949,Male,Has relevent experience,no_enrollment,Graduate,STEM,11,50-99,Pvt Ltd,1,83
3722,city_21,0.624,Male,No relevent experience,Part time course,High School,,2,,,never,12
10721,city_114,0.926,Male,No relevent experience,no_enrollment,Phd,Humanities,10,500-999,Public Sector,>4,232
407,city_103,0.92,Male,Has relevent experience,no_enrollment,Graduate,STEM,10,100-500,Pvt Ltd,1,30
31098,city_103,0.92,Male,Has relevent experience,no_enrollment,Graduate,STEM,3,10000+,Pvt Ltd,1,1
4053,city_103,0.92,Male,No relevent experience,no_enrollment,Graduate,STEM,>20,1000-4999,Pvt Ltd,4,13
13782,city_175,0.776,Male,No relevent experience,Part time course,Graduate,STEM,6,100-500,,1,29
20767,city_67,0.855,,Has relevent experience,no_enrollment,Graduate,STEM,12,,,1,42
20113,city_73,0.754,,Has relevent experience,no_enrollment,Graduate,STEM,>20,Oct-49,Pvt Ltd,>4,28
4674,city_176,0.764,Female,No relevent experience,no_enrollment,Graduate,STEM,4,,,1,14
2444,city_103,0.92,Male,Has relevent experience,no_enrollment,Graduate,STEM,>20,,,3,88
19966,city_61,0.913,,Has relevent experience,no_enrollment,Masters,STEM,>20,10000+,Pvt Ltd,>4,22
26367,city_46,0.762,Male,Has relevent experience,Full time course,Graduate,STEM,4,Oct-49,Pvt Ltd,1,79
19508,city_16,0.91,Male,Has relevent experience,no_enrollment,Masters,STEM,16,100-500,Pvt Ltd,>4,20
13006,city_134,0.698,,No relevent experience,no_enrollment,High School,,4,,,never,48
7563,city_160,0.92,Male,Has relevent experience,no_enrollment,Graduate,STEM,18,100-500,Pvt Ltd,1,78
25993,city_114,0.926,Male,Has relevent experience,no_enrollment,High School,,5,1000-4999,NGO,1,33
18013,city_16,0.91,,Has relevent experience,Full time course,Graduate,STEM,6,,,1,78
27699,city_160,0.92,Male,Has relevent experience,no_enrollment,Graduate,Other,13,1000-4999,Pvt Ltd,>4,7
3003,city_103,0.92,Male,Has relevent experience,no_enrollment,Phd,Humanities,9,10000+,Pvt Ltd,1,13
6620,city_28,0.939,Male,Has relevent experience,no_enrollment,Graduate,STEM,11,1000-4999,Public Sector,>4,25
4364,city_160,0.92,Male,Has relevent experience,no_enrollment,Graduate,STEM,9,100-500,Funded Startup,1,14
2296,city_36,0.893,Male,Has relevent experience,no_enrollment,Masters,STEM,5,<10,Pvt Ltd,1,130
17958,city_9,0.743,,Has relevent experience,no_enrollment,Graduate,STEM,6,50-99,Pvt Ltd,2,39
9740,city_103,0.92,Male,No relevent experience,no_enrollment,Graduate,STEM,>20,10000+,Pvt Ltd,>4,21
1304,city_138,0.836,,Has relevent experience,no_enrollment,Graduate,STEM,12,<10,Pvt Ltd,>4,86
28735,city_103,0.92,Male,Has relevent experience,no_enrollment,Graduate,STEM,13,100-500,Pvt Ltd,1,35
32212,city_16,0.91,Male,No relevent experience,Full time course,High School,,4,,,1,10
14053,city_73,0.754,Male,No relevent experience,Part time course,Graduate,STEM,7,,Public Sector,never,80
22641,city_16,0.91,Male,Has relevent experience,no_enrollment,Graduate,STEM,13,50-99,Pvt Ltd,never,4
17900,city_11,0.55,Male,Has relevent experience,no_enrollment,Graduate,STEM,3,100-500,Pvt Ltd,1,43
31333,city_99,0.915,Male,Has relevent experience,no_enrollment,Graduate,STEM,>20,50-99,Pvt Ltd,>4,140
501,city_21,0.624,Male,Has relevent experience,Full time course,High School,,2,,Pvt Ltd,never,41
18104,city_71,0.884,Male,Has relevent experience,no_enrollment,Graduate,STEM,>20,50-99,Pvt Ltd,4,102
6092,city_150,0.698,Male,Has relevent experience,no_enrollment,Masters,Business Degree,>20,1000-4999,Pvt Ltd,>4,56
17249,city_28,0.939,Male,Has relevent experience,no_enrollment,Masters,STEM,>20,50-99,Pvt Ltd,>4,81
1227,city_123,0.738,Male,No relevent experience,no_enrollment,Graduate,STEM,10,,,never,32
23515,city_114,0.926,Male,Has relevent experience,Part time course,Masters,STEM,9,100-500,Public Sector,never,27
16309,city_77,0.83,,Has relevent experience,Part time course,Graduate,STEM,<1,100-500,Pvt Ltd,1,280
5368,city_101,0.558,Female,Has relevent experience,,Graduate,STEM,7,50-99,Pvt Ltd,1,15
27693,city_83,0.923,Male,Has relevent experience,no_enrollment,Graduate,STEM,18,100-500,Pvt Ltd,>4,50
2582,city_16,0.91,,Has relevent experience,no_enrollment,Graduate,STEM,>20,Oct-49,Pvt Ltd,>4,41
12096,city_115,0.789,,No relevent experience,Full time course,Masters,STEM,<1,,,1,64
17526,city_103,0.92,Male,Has relevent experience,no_enrollment,Graduate,Humanities,3,100-500,Pvt Ltd,1,17
23647,city_103,0.92,Male,Has relevent experience,no_enrollment,Graduate,STEM,>20,1000-4999,Pvt Ltd,never,105
11440,city_103,0.92,Female,Has relevent experience,no_enrollment,Graduate,STEM,>20,,,3,123
7942,city_104,0.924,,Has relevent experience,no_enrollment,Graduate,STEM,1,100-500,Pvt Ltd,1,112
12064,city_90,0.698,Male,Has relevent experience,Full time course,Graduate,STEM,7,,,1,105
2170,city_64,0.666,Male,Has relevent experience,no_enrollment,Graduate,STEM,9,100-500,Pvt Ltd,4,254
15663,city_123,0.738,Male,No relevent experience,Full time course,Graduate,STEM,7,,,2,82
18378,city_21,0.624,,Has relevent experience,,Graduate,STEM,6,50-99,Other,2,12
5943,city_61,0.913,Male,Has relevent experience,no_enrollment,Phd,STEM,>20,100-500,Pvt Ltd,3,33
8578,city_114,0.926,Male,No relevent experience,Full time course,Graduate,STEM,2,1000-4999,Pvt Ltd,never,35
28645,city_16,0.91,Female,No relevent experience,Full time course,Masters,STEM,6,10000+,Public Sector,4,202
5101,city_21,0.624,Male,Has relevent experience,no_enrollment,Graduate,STEM,>20,Oct-49,Early Stage Startup,>4,42
14529,city_16,0.91,Male,No relevent experience,no_enrollment,Phd,STEM,>20,1000-4999,Pvt Ltd,1,110
26235,city_160,0.92,Male,Has relevent experience,no_enrollment,Graduate,STEM,>20,,,>4,24
24260,city_114,0.926,,No relevent experience,,,,11,100-500,,never,102
17549,city_21,0.624,Male,Has relevent experience,no_enrollment,Masters,STEM,13,Oct-49,Pvt Ltd,2,65
17610,city_41,0.827,Male,Has relevent experience,no_enrollment,Graduate,No Major,8,Oct-49,Pvt Ltd,3,150
10246,city_160,0.92,Male,Has relevent experience,no_enrollment,Masters,STEM,17,,,1,9
8990,city_103,0.92,,No relevent experience,Full time course,Masters,STEM,4,,,1,129
20459,city_21,0.624,,Has relevent experience,no_enrollment,Graduate,STEM,5,100-500,Pvt Ltd,1,6
22775,city_21,0.624,,Has relevent experience,no_enrollment,Graduate,STEM,4,100-500,Pvt Ltd,1,101
11212,city_36,0.893,Male,Has relevent experience,no_enrollment,Masters,STEM,15,50-99,Pvt Ltd,3,48
11963,city_61,0.913,Female,Has relevent experience,no_enrollment,Masters,Humanities,,50-99,,1,24
14516,city_11,0.55,Male,Has relevent experience,Full time course,Graduate,STEM,4,50-99,Pvt Ltd,1,50
6464,city_75,0.939,Male,Has relevent experience,no_enrollment,Graduate,STEM,13,50-99,Pvt Ltd,4,52
31981,city_103,0.92,,No relevent experience,no_enrollment,High School,,3,,Pvt Ltd,never,200
19350,city_103,0.92,,Has relevent experience,no_enrollment,Graduate,STEM,14,100-500,Pvt Ltd,3,88
675,city_103,0.92,,Has relevent experience,Full time course,Graduate,STEM,>20,,Pvt Ltd,>4,50
3374,city_21,0.624,Male,No relevent experience,no_enrollment,High School,,<1,,,never,16
24495,city_114,0.926,Male,Has relevent experience,no_enrollment,Masters,STEM,>20,50-99,Pvt Ltd,>4,212
8484,city_103,0.92,,Has relevent experience,no_enrollment,Graduate,STEM,>20,10000+,Pvt Ltd,>4,163
12459,city_21,0.624,,No relevent experience,Full time course,Graduate,STEM,4,5000-9999,Pvt Ltd,never,38
29414,city_103,0.92,,Has relevent experience,no_enrollment,Graduate,STEM,5,100-500,Pvt Ltd,2,134
10548,city_16,0.91,Male,Has relevent experience,no_enrollment,Graduate,STEM,>20,100-500,Pvt Ltd,1,45
29383,city_100,0.887,Male,No relevent experience,no_enrollment,Graduate,STEM,9,,,1,78
13373,city_21,0.624,,No relevent experience,Full time course,Graduate,STEM,<1,,,never,33
21283,city_10,0.895,Male,Has relevent experience,no_enrollment,Masters,STEM,7,,,>4,33
2280,city_21,0.624,,Has relevent experience,Full time course,Masters,STEM,3,50-99,Pvt Ltd,2,22
5624,city_90,0.698,Male,Has relevent experience,no_enrollment,Graduate,STEM,>20,50-99,Pvt Ltd,2,88
6778,city_21,0.624,,Has relevent experience,no_enrollment,Graduate,STEM,7,50-99,Pvt Ltd,>4,75
2926,city_114,0.926,Male,No relevent experience,no_enrollment,Masters,STEM,>20,,,1,128
20431,city_152,,Male,Has relevent experience,Full time course,Graduate,STEM,16,500-999,Pvt Ltd,>4,42
29537,city_54,0.856,Male,Has relevent experience,no_enrollment,Masters,STEM,11,50-99,Pvt Ltd,1,118
4450,city_11,0.55,Male,No relevent experience,Full time course,Graduate,STEM,<1,Oct-49,Pvt Ltd,1,6
17165,city_21,0.624,Male,Has relevent experience,no_enrollment,Graduate,STEM,5,Oct-49,Pvt Ltd,1,36
8587,city_103,0.92,Male,Has relevent experience,no_enrollment,Graduate,STEM,16,1000-4999,Pvt Ltd,3,59
7903,city_158,0.766,,Has relevent experience,no_enrollment,Graduate,STEM,10,100-500,Pvt Ltd,,33
28390,city_21,0.624,Male,Has relevent experience,no_enrollment,Graduate,STEM,5,,,3,70
18101,city_83,0.923,Male,No relevent experience,Full time course,High School,,6,,,1,29
3408,city_106,0.698,Male,Has relevent experience,no_enrollment,Masters,STEM,9,,,2,101
3619,city_103,0.92,Male,Has relevent experience,no_enrollment,Graduate,STEM,5,500-999,Pvt Ltd,1,75
9335,city_103,0.92,Male,No relevent experience,no_enrollment,Phd,STEM,18,100-500,NGO,1,25
31337,city_103,0.92,Male,Has relevent experience,no_enrollment,Masters,STEM,>20,,,>4,111
18903,city_103,0.92,,Has relevent experience,no_enrollment,Graduate,No Major,>20,50-99,Pvt Ltd,1,54
1406,city_103,0.92,Male,Has relevent experience,no_enrollment,Graduate,STEM,14,<10,Pvt Ltd,>4,260
31133,city_74,0.579,,No relevent experience,Full time course,Graduate,STEM,6,,Pvt Ltd,never,56
30475,city_16,0.91,Male,Has relevent experience,no_enrollment,Graduate,STEM,>20,,Pvt Ltd,>4,176
11339,city_114,0.926,,No relevent experience,Full time course,High School,,8,,,never,22
10455,city_160,0.92,Female,No relevent experience,Full time course,Phd,STEM,10,,,1,24
22881,city_103,0.92,Male,Has relevent experience,no_enrollment,Graduate,STEM,>20,500-999,,1,16
29667,city_103,0.92,,Has relevent experience,no_enrollment,Graduate,STEM,16,,Pvt Ltd,>4,103
16517,city_16,0.91,,No relevent experience,no_enrollment,Masters,Business Degree,<1,5000-9999,Pvt Ltd,1,86
15094,city_16,0.91,Male,Has relevent experience,no_enrollment,Graduate,STEM,9,50-99,Funded Startup,3,88
2682,city_23,0.899,Female,No relevent experience,Full time course,Graduate,STEM,3,10000+,Pvt Ltd,2,98
7679,city_21,0.624,,No relevent experience,Full time course,Graduate,STEM,2,,,never,66
2954,city_159,0.843,Male,Has relevent experience,Part time course,Graduate,STEM,>20,Oct-49,Funded Startup,1,76
12709,city_21,0.624,,Has relevent experience,no_enrollment,Graduate,STEM,10,,,1,136
24845,city_103,0.92,Male,No relevent experience,no_enrollment,Masters,STEM,14,50-99,Pvt Ltd,1,332
6829,city_21,0.624,,Has relevent experience,no_enrollment,High School,,6,,,1,85
12810,city_103,0.92,Male,Has relevent experience,no_enrollment,Masters,STEM,11,1000-4999,Pvt Ltd,>4,12
20607,city_89,0.925,,No relevent experience,Full time course,High School,,5,,,1,31
10429,city_103,0.92,Male,No relevent experience,no_enrollment,Graduate,STEM,15,1000-4999,Pvt Ltd,>4,31
18781,city_136,0.897,,Has relevent experience,Part time course,Graduate,STEM,4,50-99,,1,20
21189,city_13,0.827,Male,Has relevent experience,no_enrollment,Masters,STEM,9,100-500,Pvt Ltd,2,25
19996,city_103,0.92,Male,Has relevent experience,no_enrollment,Graduate,STEM,3,50-99,Pvt Ltd,1,37
24837,city_103,0.92,Female,Has relevent experience,Full time course,Graduate,STEM,5,100-500,Funded Startup,1,55
4955,city_136,0.897,,Has relevent experience,no_enrollment,Masters,STEM,4,Oct-49,Pvt Ltd,1,39
32766,city_103,0.92,Male,Has relevent experience,no_enrollment,Graduate,STEM,14,100-500,Funded Startup,4,110
6209,city_21,0.624,,Has relevent experience,no_enrollment,Masters,STEM,18,100-500,Pvt Ltd,>4,50
24293,city_21,0.624,Female,Has relevent experience,Full time course,Graduate,STEM,<1,50-99,Pvt Ltd,1,49
28090,city_103,0.92,,Has relevent experience,no_enrollment,Graduate,STEM,9,100-500,NGO,2,107
11842,city_46,0.762,Male,Has relevent experience,no_enrollment,Graduate,STEM,3,<10,Early Stage Startup,2,109
13211,city_103,0.92,Male,Has relevent experience,no_enrollment,Masters,STEM,>20,,,>4,80
26309,city_114,0.926,Male,No relevent experience,Full time course,Graduate,STEM,14,Oct-49,Pvt Ltd,1,47
4832,city_91,0.691,Male,Has relevent experience,Part time course,Graduate,STEM,4,50-99,Funded Startup,1,48
23885,city_67,0.855,,No relevent experience,no_enrollment,High School,,3,,,never,70
27278,city_160,0.92,Female,Has relevent experience,no_enrollment,Masters,STEM,11,1000-4999,,2,332
32853,city_73,0.754,Male,Has relevent experience,no_enrollment,Graduate,STEM,>20,100-500,Funded Startup,1,3
3264,city_103,0.92,Male,Has relevent experience,no_enrollment,Graduate,STEM,>20,10000+,Pvt Ltd,2,90
9997,city_103,0.92,Male,Has relevent experience,no_enrollment,Graduate,Humanities,7,1000-4999,Pvt Ltd,4,44
21496,city_114,0.926,,No relevent experience,Full time course,High School,,6,10000+,,,98
20570,city_21,0.624,Male,No relevent experience,Full time course,Graduate,STEM,<1,,,1,232
11907,city_160,0.92,Male,Has relevent experience,no_enrollment,Graduate,STEM,>20,10000+,Pvt Ltd,1,56
28629,city_160,0.92,Male,Has relevent experience,Part time course,Graduate,STEM,3,50-99,Pvt Ltd,2,78
31388,city_103,0.92,Male,Has relevent experience,no_enrollment,Graduate,STEM,7,5000-9999,Pvt Ltd,2,45
14538,city_21,0.624,Male,Has relevent experience,no_enrollment,Graduate,STEM,3,50-99,Pvt Ltd,never,17
28,city_103,0.92,Male,No relevent experience,no_enrollment,,,4,,Pvt Ltd,never,86
32099,city_160,0.92,Male,Has relevent experience,no_enrollment,Graduate,STEM,>20,,,3,66
6356,city_160,0.92,Male,Has relevent experience,no_enrollment,Masters,STEM,19,,,1,32
16058,city_160,0.92,Male,Has relevent experience,no_enrollment,,,19,<10,Pvt Ltd,1,35
10198,city_105,0.794,Male,Has relevent experience,Full time course,Graduate,STEM,11,100-500,Pvt Ltd,>4,3
24993,city_162,0.767,Male,Has relevent experience,,Graduate,STEM,7,50-99,,1,91
28864,city_103,0.92,Male,Has relevent experience,no_enrollment,Graduate,STEM,>20,,Pvt Ltd,4,83
1206,city_160,0.92,Male,Has relevent experience,no_enrollment,Graduate,STEM,13,50-99,Pvt Ltd,>4,54
14412,city_160,0.92,Male,Has relevent experience,Full time course,Graduate,STEM,3,10000+,Pvt Ltd,1,65
19987,city_136,0.897,,Has relevent experience,no_enrollment,Masters,STEM,9,50-99,,3,7
15586,city_115,0.789,Male,Has relevent experience,Part time course,Masters,STEM,11,Oct-49,Pvt Ltd,3,47
17424,city_28,0.939,,No relevent experience,Full time course,High School,,9,,,never,80
19783,city_16,0.91,Male,No relevent experience,no_enrollment,Graduate,STEM,16,100-500,Public Sector,1,4
15763,city_97,0.925,Male,Has relevent experience,no_enrollment,Graduate,STEM,16,500-999,Pvt Ltd,1,24
6433,city_21,0.624,Male,No relevent experience,no_enrollment,Graduate,STEM,2,1000-4999,Pvt Ltd,1,26
7881,city_114,0.926,Male,Has relevent experience,no_enrollment,Graduate,STEM,10,<10,Pvt Ltd,1,38
9237,city_65,0.802,,Has relevent experience,no_enrollment,Phd,STEM,17,50-99,Pvt Ltd,>4,41
26656,city_103,0.92,Female,Has relevent experience,no_enrollment,Graduate,Humanities,9,100-500,Pvt Ltd,>4,200
14019,city_103,0.92,,Has relevent experience,no_enrollment,Masters,STEM,>20,,,3,15
27036,city_61,0.913,Male,No relevent experience,Full time course,High School,,5,Oct-49,,1,36
8304,city_45,0.89,Male,Has relevent experience,no_enrollment,Graduate,Other,5,50-99,Pvt Ltd,never,82
16458,city_21,0.624,Male,Has relevent experience,Full time course,Graduate,STEM,5,Oct-49,Public Sector,4,74
16138,city_16,0.91,Male,Has relevent experience,no_enrollment,Graduate,STEM,15,,,2,61
8701,city_114,0.926,Male,Has relevent experience,no_enrollment,Masters,STEM,>20,100-500,Pvt Ltd,>4,27
14281,city_103,0.92,Male,Has relevent experience,no_enrollment,Masters,STEM,16,50-99,Funded Startup,4,146
1968,city_104,0.924,Male,Has relevent experience,no_enrollment,Phd,STEM,>20,50-99,Funded Startup,2,4
742,city_160,0.92,Female,Has relevent experience,Full time course,High School,,4,10000+,Pvt Ltd,1,50
17953,city_16,0.91,Male,No relevent experience,no_enrollment,Graduate,STEM,>20,,,1,86
660,city_103,0.92,Male,Has relevent experience,no_enrollment,Masters,STEM,16,50-99,Funded Startup,>4,37
10829,city_102,0.804,,Has relevent experience,Full time course,Graduate,STEM,10,100-500,Pvt Ltd,1,192
14159,city_133,0.742,Male,No relevent experience,no_enrollment,Graduate,STEM,12,50-99,Pvt Ltd,>4,8
13603,city_16,0.91,,Has relevent experience,no_enrollment,Graduate,STEM,12,100-500,,1,17
18232,city_103,0.92,Male,Has relevent experience,no_enrollment,Masters,STEM,>20,100-500,Pvt Ltd,3,42
14574,city_21,0.624,Male,No relevent experience,Full time course,Graduate,STEM,<1,<10,Pvt Ltd,1,224
24725,city_103,0.92,Male,No relevent experience,Full time course,Graduate,STEM,4,500-999,Pvt Ltd,1,32
10737,city_103,0.92,Male,Has relevent experience,no_enrollment,Masters,STEM,16,10000+,Pvt Ltd,1,30
15141,city_138,0.836,Male,Has relevent experience,no_enrollment,Graduate,STEM,6,Oct-49,Pvt Ltd,3,105
25308,city_128,0.527,Female,No relevent experience,no_enrollment,Graduate,STEM,<1,50-99,Early Stage Startup,never,81
23084,city_102,0.804,Male,Has relevent experience,no_enrollment,Masters,STEM,14,100-500,Pvt Ltd,3,90
25465,city_103,0.92,Male,Has relevent experience,no_enrollment,Graduate,Humanities,9,100-500,Pvt Ltd,1,200
12340,city_114,0.926,Male,Has relevent experience,no_enrollment,Masters,STEM,>20,50-99,Funded Startup,2,21
15589,city_65,0.802,Male,Has relevent experience,no_enrollment,Masters,STEM,7,100-500,,1,14
129,city_103,0.92,Male,Has relevent experience,no_enrollment,Graduate,STEM,>20,5000-9999,Public Sector,>4,130
19641,city_16,0.91,Male,Has relevent experience,no_enrollment,,STEM,>20,,,never,60
8083,city_45,0.89,,No relevent experience,Full time course,High School,,3,,,never,22
4166,city_98,0.949,Male,Has relevent experience,no_enrollment,Masters,STEM,>20,100-500,Pvt Ltd,>4,105
14586,city_21,0.624,Male,Has relevent experience,no_enrollment,Graduate,STEM,7,50-99,Pvt Ltd,2,86
21822,city_16,0.91,Male,Has relevent experience,no_enrollment,Graduate,STEM,6,100-500,Pvt Ltd,1,51
2415,city_114,0.926,Male,Has relevent experience,no_enrollment,Masters,STEM,16,50-99,,>4,228
1382,city_103,0.92,,Has relevent experience,Part time course,Graduate,STEM,14,,,4,74
30373,city_136,0.897,Male,Has relevent experience,no_enrollment,Masters,STEM,>20,10000+,Pvt Ltd,3,129
1135,city_104,0.924,Male,Has relevent experience,no_enrollment,Masters,STEM,17,100-500,Pvt Ltd,1,83
29230,city_46,0.762,Male,Has relevent experience,Part time course,Masters,STEM,,10000+,Pvt Ltd,>4,3
16972,city_103,0.92,Male,Has relevent experience,no_enrollment,Graduate,STEM,6,50-99,Pvt Ltd,>4,27
25730,city_103,0.92,Male,Has relevent experience,no_enrollment,Graduate,STEM,17,50-99,Pvt Ltd,4,58
17021,city_160,0.92,Male,Has relevent experience,no_enrollment,Graduate,STEM,6,100-500,Funded Startup,1,102
19032,city_159,0.843,Male,No relevent experience,no_enrollment,Graduate,STEM,16,10000+,Pvt Ltd,4,89
6154,city_114,0.926,Male,No relevent experience,Full time course,Masters,STEM,9,5000-9999,Pvt Ltd,1,68
2744,city_16,0.91,Male,Has relevent experience,no_enrollment,High School,,19,500-999,Pvt Ltd,1,38
621,city_136,0.897,Male,No relevent experience,no_enrollment,Graduate,STEM,1,,,1,18
14035,city_21,0.624,,No relevent experience,Full time course,Graduate,STEM,2,,,never,18
13621,city_21,0.624,Male,Has relevent experience,no_enrollment,Graduate,STEM,8,<10,Early Stage Startup,1,121
19202,city_103,0.92,Male,Has relevent experience,Part time course,Graduate,STEM,7,1000-4999,Pvt Ltd,1,26
29010,city_21,0.624,Male,Has relevent experience,Full time course,Masters,STEM,2,10000+,Pvt Ltd,1,23
3606,city_103,0.92,Male,No relevent experience,Full time course,High School,,7,Oct-49,Pvt Ltd,1,88
22214,city_167,0.921,,No relevent experience,no_enrollment,Primary School,,6,<10,Pvt Ltd,3,34
16245,city_158,0.766,Male,Has relevent experience,no_enrollment,Graduate,STEM,5,50-99,Pvt Ltd,2,26
30639,city_160,0.92,Other,Has relevent experience,Part time course,Graduate,Humanities,8,50-99,NGO,1,306
28365,city_16,0.91,Female,Has relevent experience,no_enrollment,Masters,STEM,10,,Pvt Ltd,1,15
30546,city_104,0.924,,No relevent experience,no_enrollment,,,4,,,never,134
7792,city_76,0.698,,No relevent experience,no_enrollment,Masters,STEM,>20,,,2,168
12846,city_21,0.624,Male,Has relevent experience,no_enrollment,Graduate,STEM,5,1000-4999,Pvt Ltd,1,25
25038,city_16,0.91,Male,Has relevent experience,no_enrollment,Graduate,STEM,>20,,,>4,182
17919,city_116,0.743,,No relevent experience,Full time course,Graduate,Humanities,2,,,never,298
6465,city_136,0.897,Male,Has relevent experience,no_enrollment,Masters,STEM,19,50-99,Pvt Ltd,2,56
13836,city_138,0.836,Male,Has relevent experience,no_enrollment,Graduate,STEM,15,100-500,Pvt Ltd,1,13
30399,city_114,0.926,Male,No relevent experience,no_enrollment,High School,,2,100-500,Pvt Ltd,1,42
27949,city_103,0.92,Male,Has relevent experience,no_enrollment,Graduate,Humanities,19,50-99,Pvt Ltd,2,5
27512,city_16,0.91,Female,Has relevent experience,no_enrollment,Masters,STEM,5,Oct-49,Pvt Ltd,1,57
22507,city_123,0.738,Male,Has relevent experience,no_enrollment,Graduate,Other,8,100-500,NGO,1,91
656,city_116,0.743,Male,No relevent experience,no_enrollment,,,5,,,1,16
23663,city_150,0.698,Male,No relevent experience,Full time course,Graduate,STEM,3,,,1,128
30907,city_103,0.92,Male,Has relevent experience,no_enrollment,Graduate,STEM,>20,10000+,Pvt Ltd,1,58
30023,city_45,0.89,Male,No relevent experience,Full time course,High School,,2,100-500,Pvt Ltd,1,194
22045,city_10,0.895,Male,Has relevent experience,no_enrollment,Graduate,STEM,>20,,,>4,280
2209,city_104,0.924,Male,Has relevent experience,no_enrollment,Graduate,STEM,>20,50-99,Pvt Ltd,>4,61
4838,city_103,0.92,,Has relevent experience,no_enrollment,Graduate,STEM,5,,,>4,106
28498,city_103,0.92,Female,Has relevent experience,no_enrollment,Graduate,Arts,4,500-999,Pvt Ltd,2,18
1179,city_160,0.92,Male,Has relevent experience,Full time course,Graduate,STEM,6,Oct-49,,1,43
10682,city_104,0.924,,No relevent experience,,,,4,,,2,3
20707,city_136,0.897,Male,No relevent experience,Full time course,High School,,4,,,1,4
31228,city_21,0.624,Male,No relevent experience,Full time course,High School,,3,,Pvt Ltd,never,97
11642,city_114,0.926,Male,Has relevent experience,no_enrollment,,,8,100-500,Pvt Ltd,>4,62
14477,city_21,0.624,,Has relevent experience,no_enrollment,Graduate,STEM,3,100-500,Pvt Ltd,1,55
25737,city_114,0.926,Other,No relevent experience,Full time course,High School,,5,100-500,Public Sector,1,15
21032,city_160,0.92,Male,Has relevent experience,no_enrollment,Graduate,STEM,3,,,2,58
30770,city_21,0.624,Male,Has relevent experience,no_enrollment,Graduate,STEM,9,50-99,Pvt Ltd,1,20
28733,city_71,0.884,Male,Has relevent experience,no_enrollment,Graduate,STEM,>20,<10,Pvt Ltd,3,33
26032,city_103,0.92,Male,No relevent experience,Full time course,Graduate,STEM,6,,,never,74
2421,city_21,0.624,,No relevent experience,no_enrollment,Graduate,STEM,5,50-99,Pvt Ltd,1,10
6027,city_103,0.92,Female,No relevent experience,no_enrollment,Phd,STEM,6,100-500,Funded Startup,2,40
7266,city_128,0.527,,No relevent experience,no_enrollment,Graduate,STEM,4,,,4,136
20956,city_136,0.897,Male,Has relevent experience,no_enrollment,Graduate,STEM,9,50-99,Pvt Ltd,4,36
26068,city_93,0.865,Male,Has relevent experience,Full time course,Graduate,STEM,6,10000+,Pvt Ltd,>4,218
20179,city_114,0.926,,No relevent experience,Part time course,Graduate,STEM,6,<10,Pvt Ltd,2,11
32956,city_103,0.92,Male,Has relevent experience,no_enrollment,Graduate,Arts,4,10000+,Pvt Ltd,1,51
12570,city_21,0.624,Male,Has relevent experience,Full time course,Graduate,STEM,2,100-500,Pvt Ltd,1,83
7689,city_21,0.624,Male,Has relevent experience,no_enrollment,Graduate,STEM,2,5000-9999,Pvt Ltd,1,31
19653,city_114,0.926,Male,No relevent experience,Full time course,High School,,5,,,never,68
8447,city_159,0.843,,Has relevent experience,no_enrollment,Graduate,STEM,2,1000-4999,Pvt Ltd,2,112
18513,city_50,0.896,Male,No relevent experience,Full time course,High School,,2,,,1,61
4066,city_103,0.92,Male,Has relevent experience,no_enrollment,Masters,STEM,>20,50-99,Pvt Ltd,>4,56
613,city_103,0.92,Male,Has relevent experience,no_enrollment,Masters,STEM,10,100-500,Public Sector,4,34
12437,city_16,0.91,Male,Has relevent experience,no_enrollment,Masters,STEM,>20,50-99,Pvt Ltd,2,45
20917,city_103,0.92,Male,Has relevent experience,no_enrollment,Graduate,STEM,10,,,1,6
12505,city_21,0.624,,No relevent experience,no_enrollment,Graduate,STEM,4,5000-9999,Pvt Ltd,2,90
22510,city_21,0.624,,Has relevent experience,no_enrollment,,,8,Oct-49,Pvt Ltd,1,55
6642,city_21,0.624,,Has relevent experience,no_enrollment,Graduate,Other,4,100-500,Pvt Ltd,2,144
8562,city_103,0.92,Male,No relevent experience,no_enrollment,Masters,STEM,7,5000-9999,Public Sector,1,47
13030,city_103,0.92,Male,Has relevent experience,Full time course,,STEM,10,10000+,Pvt Ltd,2,48
33291,city_76,0.698,Male,No relevent experience,no_enrollment,Graduate,STEM,10,Oct-49,Early Stage Startup,1,3
10469,city_103,0.92,Male,No relevent experience,Full time course,Graduate,STEM,4,,,1,12
30777,city_103,0.92,Male,Has relevent experience,no_enrollment,Graduate,STEM,>20,10000+,Pvt Ltd,>4,6
31756,city_128,0.527,Male,No relevent experience,no_enrollment,High School,,4,,,4,27
3879,city_23,0.899,,Has relevent experience,no_enrollment,Graduate,STEM,9,50-99,Funded Startup,4,54
16255,city_21,0.624,,Has relevent experience,no_enrollment,Graduate,STEM,8,10000+,Pvt Ltd,2,20
5050,city_67,0.855,Female,No relevent experience,Full time course,Graduate,STEM,5,,,1,34
4273,city_103,0.92,Male,Has relevent experience,no_enrollment,Masters,STEM,>20,,,>4,15
14867,city_36,0.893,Male,Has relevent experience,no_enrollment,Masters,STEM,11,500-999,Pvt Ltd,never,40
16180,city_103,0.92,Male,Has relevent experience,no_enrollment,Graduate,STEM,18,,,1,14
8491,city_103,0.92,Male,Has relevent experience,no_enrollment,Graduate,STEM,11,<10,Early Stage Startup,1,9
23514,city_114,0.926,,No relevent experience,no_enrollment,High School,,5,,Public Sector,3,43
14398,city_123,0.738,Male,Has relevent experience,no_enrollment,Graduate,STEM,4,50-99,Early Stage Startup,1,192
11444,city_90,0.698,,No relevent experience,no_enrollment,Graduate,STEM,10,100-500,Pvt Ltd,1,210
22303,city_16,0.91,Female,Has relevent experience,no_enrollment,Phd,STEM,11,,,never,24
7391,city_118,0.722,Male,Has relevent experience,Part time course,Graduate,STEM,4,100-500,Pvt Ltd,1,16
9195,city_21,0.624,Male,Has relevent experience,no_enrollment,Graduate,STEM,10,100-500,Pvt Ltd,2,129
7519,city_103,0.92,Male,No relevent experience,Full time course,Masters,Humanities,8,<10,Public Sector,4,56
15307,city_103,0.92,Male,No relevent experience,no_enrollment,High School,,10,,,4,50
24683,city_103,0.92,,Has relevent experience,no_enrollment,Graduate,STEM,17,50-99,Pvt Ltd,>4,56
27067,city_21,0.624,Male,No relevent experience,Full time course,Graduate,STEM,2,,,never,28
11327,city_114,0.926,Male,Has relevent experience,no_enrollment,Graduate,STEM,12,1000-4999,Public Sector,>4,17
2529,city_19,0.682,,Has relevent experience,no_enrollment,Graduate,STEM,11,,,2,45
31349,city_103,0.92,Male,Has relevent experience,no_enrollment,Graduate,STEM,13,100-500,Pvt Ltd,1,276
30739,city_75,0.939,Male,Has relevent experience,no_enrollment,Graduate,STEM,10,<10,Pvt Ltd,1,6
32141,city_103,0.92,Male,Has relevent experience,no_enrollment,Graduate,STEM,15,100-500,Funded Startup,3,61
7759,city_160,0.92,,Has relevent experience,no_enrollment,Graduate,STEM,4,,,2,36
16286,city_46,0.762,Male,Has relevent experience,no_enrollment,Graduate,STEM,5,,,,7
5381,city_100,0.887,Male,No relevent experience,no_enrollment,,,3,,,,44
16782,city_160,0.92,Male,Has relevent experience,no_enrollment,Graduate,STEM,>20,,,1,256
8122,city_61,0.913,,No relevent experience,Full time course,High School,,4,,,never,4
4370,city_21,0.624,Male,No relevent experience,no_enrollment,High School,,5,,,4,244
13883,city_136,0.897,Male,Has relevent experience,no_enrollment,Masters,Humanities,9,50-99,Pvt Ltd,1,7
21673,city_36,0.893,,Has relevent experience,no_enrollment,Graduate,STEM,7,500-999,Pvt Ltd,1,57
24268,city_16,0.91,Male,Has relevent experience,no_enrollment,Graduate,STEM,11,1000-4999,Pvt Ltd,2,97
17200,city_150,0.698,,No relevent experience,no_enrollment,High School,,<1,,,never,146
31533,city_114,0.926,Male,No relevent experience,no_enrollment,High School,,6,50-99,Pvt Ltd,4,46
23172,city_103,0.92,Male,Has relevent experience,no_enrollment,Graduate,STEM,7,10000+,Pvt Ltd,1,103
1647,city_103,0.92,Male,Has relevent experience,no_enrollment,Phd,STEM,>20,5000-9999,NGO,2,23
1276,city_23,0.899,Male,Has relevent experience,Full time course,Graduate,STEM,6,10000+,Pvt Ltd,1,36
19942,city_149,0.689,Female,No relevent experience,Full time course,Masters,STEM,9,,,never,10
26888,city_74,0.579,,Has relevent experience,Full time course,Graduate,STEM,2,500-999,NGO,2,51
11667,city_28,0.939,,No relevent experience,no_enrollment,Graduate,Humanities,9,50-99,Public Sector,never,16
3890,city_103,0.92,Male,Has relevent experience,no_enrollment,Graduate,STEM,6,Oct-49,Early Stage Startup,1,22
17267,city_105,0.794,Male,No relevent experience,no_enrollment,Graduate,STEM,3,,,never,74
4934,city_160,0.92,Other,Has relevent experience,no_enrollment,Graduate,STEM,11,100-500,NGO,1,113
2752,city_21,0.624,Male,No relevent experience,no_enrollment,Graduate,STEM,5,5000-9999,Pvt Ltd,1,86
6413,city_103,0.92,Male,Has relevent experience,,,,3,,,never,88
5817,city_61,0.913,Male,Has relevent experience,no_enrollment,Masters,STEM,>20,100-500,Pvt Ltd,>4,112
27952,city_21,0.624,,No relevent experience,no_enrollment,Graduate,STEM,16,100-500,Pvt Ltd,2,12
6402,city_103,0.92,Male,No relevent experience,Full time course,High School,,3,,,never,24
2358,city_11,0.55,Male,Has relevent experience,Full time course,Graduate,STEM,7,<10,Early Stage Startup,1,11
7645,city_21,0.624,Male,Has relevent experience,no_enrollment,Masters,STEM,10,10000+,Public Sector,1,30
15411,city_61,0.913,Male,Has relevent experience,no_enrollment,Masters,STEM,12,10000+,Pvt Ltd,>4,27
32727,city_21,0.624,Male,Has relevent experience,Full time course,Graduate,STEM,11,<10,Pvt Ltd,2,
32693,city_40,0.776,Male,Has relevent experience,no_enrollment,Masters,STEM,12,1000-4999,Pvt Ltd,4,312
471,city_103,0.92,,Has relevent experience,Full time course,Graduate,STEM,8,<10,Public Sector,2,32
16922,city_73,0.754,,No relevent experience,no_enrollment,High School,,2,,,never,78
31991,city_103,0.92,Male,Has relevent experience,no_enrollment,Graduate,Arts,10,50-99,Funded Startup,1,125
16212,city_21,0.624,Male,Has relevent experience,no_enrollment,Graduate,STEM,5,500-999,Pvt Ltd,1,152
22477,city_21,0.624,Male,Has relevent experience,no_enrollment,Masters,STEM,9,10000+,Pvt Ltd,1,49
11514,city_114,0.926,Male,Has relevent experience,no_enrollment,Masters,STEM,11,50-99,Pvt Ltd,3,18
28290,city_103,0.92,Male,No relevent experience,Part time course,Masters,STEM,>20,10000+,Pvt Ltd,>4,36
11473,city_16,0.91,Female,Has relevent experience,no_enrollment,Phd,STEM,17,50-99,Pvt Ltd,2,74
28584,city_160,0.92,Male,Has relevent experience,no_enrollment,Graduate,STEM,6,50-99,Funded Startup,1,134
9209,city_121,0.781,Other,Has relevent experience,no_enrollment,Graduate,STEM,<1,50-99,Funded Startup,1,62
28252,city_21,0.624,,No relevent experience,no_enrollment,Graduate,STEM,5,,Public Sector,,81
30158,city_136,0.897,Male,Has relevent experience,no_enrollment,Masters,STEM,>20,1000-4999,Pvt Ltd,never,22
18492,city_116,0.743,Female,No relevent experience,Full time course,Masters,STEM,4,,,1,131
18940,city_16,0.91,Male,Has relevent experience,no_enrollment,Graduate,STEM,11,50-99,Pvt Ltd,4,31
30512,city_103,0.92,Male,Has relevent experience,no_enrollment,Graduate,STEM,>20,,,1,156
19654,city_21,0.624,Female,Has relevent experience,Full time course,Masters,STEM,4,500-999,Pvt Ltd,1,314
16577,city_114,0.926,Male,No relevent experience,Full time course,Graduate,STEM,5,<10,Pvt Ltd,1,102
17836,city_21,0.624,Male,Has relevent experience,no_enrollment,Graduate,STEM,18,10000+,Pvt Ltd,2,22
29074,city_114,0.926,Male,No relevent experience,Full time course,High School,,7,,,1,26
25155,city_43,0.516,,Has relevent experience,no_enrollment,Graduate,STEM,2,,,1,28
31796,city_91,0.691,,No relevent experience,no_enrollment,Primary School,,2,,Pvt Ltd,never,46
30965,city_114,0.926,Male,No relevent experience,Full time course,High School,,4,500-999,Pvt Ltd,1,63
7212,city_162,0.767,Male,Has relevent experience,Full time course,Graduate,STEM,4,Oct-49,Pvt Ltd,,37
20419,city_21,0.624,,Has relevent experience,no_enrollment,Graduate,STEM,7,1000-4999,Pvt Ltd,4,42
27143,city_2,0.788,Male,Has relevent experience,Full time course,Masters,STEM,7,,,3,25
33134,city_46,0.762,Male,Has relevent experience,no_enrollment,Graduate,STEM,4,<10,Pvt Ltd,4,108
21657,city_57,0.866,Male,No relevent experience,Full time course,Graduate,STEM,5,,,1,64
14255,city_103,0.92,Female,Has relevent experience,no_enrollment,Graduate,Arts,10,50-99,Pvt Ltd,2,81
11728,city_16,0.91,Male,Has relevent experience,no_enrollment,Masters,STEM,10,100-500,Pvt Ltd,>4,23
915,city_103,0.92,,Has relevent experience,no_enrollment,Masters,Humanities,16,1000-4999,Pvt Ltd,1,11
7987,city_127,0.745,Male,Has relevent experience,Full time course,Graduate,STEM,5,,,2,17
25241,city_16,0.91,Male,Has relevent experience,no_enrollment,Graduate,STEM,>20,100-500,Pvt Ltd,>4,14
18483,city_23,0.899,Male,Has relevent experience,no_enrollment,Graduate,STEM,12,,,1,18
7032,city_104,0.924,,No relevent experience,Full time course,Primary School,,1,,,never,15
31668,city_67,0.855,Male,Has relevent experience,Full time course,Graduate,STEM,12,50-99,Pvt Ltd,1,100
22870,city_10,0.895,Male,Has relevent experience,no_enrollment,Graduate,Other,8,50-99,Early Stage Startup,1,10
13142,city_103,0.92,Male,Has relevent experience,no_enrollment,Graduate,STEM,>20,100-500,Pvt Ltd,>4,36
11481,city_103,0.92,Male,Has relevent experience,no_enrollment,Graduate,STEM,12,50-99,Pvt Ltd,1,62
1679,city_103,0.92,,Has relevent experience,no_enrollment,Masters,Humanities,>20,100-500,Pvt Ltd,1,90
15849,city_114,0.926,Male,No relevent experience,no_enrollment,Graduate,STEM,>20,,,>4,31
22392,city_19,0.682,Male,No relevent experience,Full time course,Graduate,STEM,3,,,never,139
29223,city_160,0.92,Male,No relevent experience,no_enrollment,Primary School,,2,,,never,108
5296,city_114,0.926,Male,Has relevent experience,Full time course,Masters,STEM,12,100-500,Pvt Ltd,3,151
25329,city_136,0.897,,Has relevent experience,no_enrollment,Graduate,Other,10,Oct-49,Pvt Ltd,1,4
15164,city_128,0.527,Male,No relevent experience,Full time course,High School,,4,,,never,49
5780,city_114,0.926,Male,Has relevent experience,no_enrollment,Masters,STEM,11,10000+,Pvt Ltd,4,64
14767,city_71,0.884,Male,Has relevent experience,Part time course,Graduate,STEM,3,<10,Pvt Ltd,2,6
7926,city_21,0.624,Female,No relevent experience,no_enrollment,Masters,STEM,3,100-500,,1,14
32606,city_16,0.91,Male,No relevent experience,Full time course,High School,,11,<10,Pvt Ltd,3,26
30295,city_21,0.624,Male,Has relevent experience,no_enrollment,Graduate,STEM,3,50-99,Pvt Ltd,2,26
2436,city_67,0.855,Male,Has relevent experience,Full time course,High School,,11,100-500,Pvt Ltd,3,53
12407,city_114,0.926,Male,Has relevent experience,no_enrollment,Masters,STEM,11,100-500,Pvt Ltd,1,152
5509,city_99,0.915,Female,Has relevent experience,no_enrollment,Masters,STEM,>20,100-500,Pvt Ltd,1,29
33300,city_50,0.896,Male,Has relevent experience,no_enrollment,Masters,STEM,15,50-99,Pvt Ltd,>4,2
12374,city_100,0.887,Male,Has relevent experience,no_enrollment,High School,,16,,,1,36
23562,city_53,0.74,Other,No relevent experience,Part time course,High School,,2,50-99,,1,4
27420,city_21,0.624,Male,Has relevent experience,no_enrollment,Graduate,STEM,4,50-99,Pvt Ltd,never,112
15974,city_103,0.92,,Has relevent experience,no_enrollment,Masters,STEM,19,5000-9999,Pvt Ltd,2,68
13204,city_103,0.92,,Has relevent experience,no_enrollment,Graduate,STEM,15,,,2,210
12453,city_21,0.624,,Has relevent experience,no_enrollment,Graduate,STEM,7,10000+,Pvt Ltd,>4,15
21071,city_90,0.698,,No relevent experience,no_enrollment,Masters,STEM,11,100-500,Pvt Ltd,4,160
795,city_103,0.92,Male,No relevent experience,Full time course,Graduate,STEM,7,10000+,Public Sector,1,10
80,city_103,0.92,Male,Has relevent experience,no_enrollment,Graduate,STEM,12,10000+,Pvt Ltd,1,53
8509,city_103,0.92,,No relevent experience,Full time course,Graduate,STEM,9,50-99,Pvt Ltd,4,35
27199,city_103,0.92,Male,Has relevent experience,no_enrollment,Masters,Humanities,>20,100-500,Pvt Ltd,1,1
4393,city_75,0.939,Male,Has relevent experience,no_enrollment,High School,,4,,,2,103
26993,city_103,0.92,,No relevent experience,Full time course,Graduate,STEM,1,,,1,54
9753,city_37,0.794,Female,No relevent experience,Full time course,Graduate,STEM,4,,,never,86
17074,city_65,0.802,Male,Has relevent experience,no_enrollment,High School,,9,50-99,Pvt Ltd,3,88
9291,city_16,0.91,Male,Has relevent experience,no_enrollment,Masters,STEM,15,Oct-49,Pvt Ltd,2,15
21210,city_103,0.92,Male,Has relevent experience,no_enrollment,Graduate,STEM,>20,100-500,Pvt Ltd,1,61
6548,city_103,0.92,Male,Has relevent experience,no_enrollment,Masters,STEM,>20,1000-4999,Pvt Ltd,>4,88
5601,city_21,0.624,,Has relevent experience,no_enrollment,Masters,STEM,<1,500-999,Pvt Ltd,1,48
29159,city_99,0.915,Male,Has relevent experience,no_enrollment,Graduate,STEM,>20,1000-4999,Pvt Ltd,>4,40
20909,city_16,0.91,Male,Has relevent experience,no_enrollment,Masters,STEM,>20,<10,Pvt Ltd,4,56
13140,city_73,0.754,Male,Has relevent experience,Full time course,Masters,STEM,16,1000-4999,Pvt Ltd,2,14
8903,city_99,0.915,,Has relevent experience,no_enrollment,Graduate,STEM,9,1000-4999,Pvt Ltd,1,68
20079,city_103,0.92,Male,No relevent experience,no_enrollment,Graduate,Other,1,5000-9999,Pvt Ltd,never,29
24628,city_116,0.743,,Has relevent experience,Full time course,Primary School,,2,5000-9999,Pvt Ltd,1,101
5482,city_103,0.92,,Has relevent experience,no_enrollment,Masters,STEM,>20,<10,Early Stage Startup,>4,42
16050,city_160,0.92,,Has relevent experience,no_enrollment,,,>20,,,1,72
18581,city_101,0.558,Male,Has relevent experience,no_enrollment,Masters,STEM,15,100-500,Pvt Ltd,4,20
14438,city_21,0.624,Male,Has relevent experience,Full time course,Graduate,STEM,3,100-500,Pvt Ltd,1,3
8031,city_71,0.884,Male,Has relevent experience,no_enrollment,High School,,>20,<10,Pvt Ltd,>4,41
32710,city_103,0.92,Male,Has relevent experience,no_enrollment,Graduate,STEM,>20,10000+,Pvt Ltd,>4,124
5857,city_73,0.754,Male,Has relevent experience,Part time course,Graduate,STEM,4,50-99,Pvt Ltd,1,13
28799,city_103,0.92,Female,Has relevent experience,no_enrollment,Masters,STEM,>20,<10,Early Stage Startup,2,170
19726,city_159,0.843,Male,Has relevent experience,Part time course,Graduate,STEM,6,1000-4999,Pvt Ltd,1,14
6191,city_160,0.92,,No relevent experience,Full time course,High School,,2,1000-4999,Public Sector,2,33
32521,city_28,0.939,Male,Has relevent experience,no_enrollment,High School,,5,,,1,6
29176,city_103,0.92,,Has relevent experience,no_enrollment,Masters,STEM,15,100-500,Pvt Ltd,2,8
28278,city_71,0.884,Male,No relevent experience,,Phd,STEM,9,Oct-49,Pvt Ltd,1,89
2625,city_45,0.89,Male,Has relevent experience,no_enrollment,High School,,11,<10,Funded Startup,1,56
15587,city_16,0.91,Male,Has relevent experience,no_enrollment,Graduate,STEM,>20,,,1,91
14741,city_103,0.92,Male,Has relevent experience,no_enrollment,Graduate,STEM,>20,1000-4999,Pvt Ltd,>4,12
19210,city_16,0.91,,Has relevent experience,no_enrollment,Masters,STEM,10,,,2,157
21015,city_103,0.92,Male,Has relevent experience,no_enrollment,Masters,STEM,16,50-99,Pvt Ltd,1,39
2010,city_114,0.926,Male,Has relevent experience,no_enrollment,Masters,STEM,>20,1000-4999,Pvt Ltd,>4,61
8942,city_160,0.92,Male,Has relevent experience,no_enrollment,Graduate,STEM,12,,,1,8
9586,city_103,0.92,Female,Has relevent experience,no_enrollment,Masters,STEM,4,5000-9999,Public Sector,1,20
6444,city_114,0.926,Male,Has relevent experience,no_enrollment,Graduate,STEM,16,1000-4999,Pvt Ltd,4,32
1604,city_16,0.91,Male,Has relevent experience,Part time course,Graduate,STEM,>20,100-500,Pvt Ltd,2,56
24158,city_21,0.624,,No relevent experience,Full time course,Masters,STEM,<1,,,never,78
24017,city_158,0.766,Male,Has relevent experience,Part time course,Graduate,STEM,4,50-99,Pvt Ltd,1,44
24362,city_20,0.796,,Has relevent experience,Part time course,Graduate,STEM,6,Oct-49,Pvt Ltd,4,18
29969,city_16,0.91,Male,Has relevent experience,no_enrollment,High School,,11,500-999,Pvt Ltd,1,32
16831,city_103,0.92,Male,Has relevent experience,no_enrollment,Graduate,STEM,>20,50-99,Pvt Ltd,>4,53
28518,city_136,0.897,Male,Has relevent experience,no_enrollment,Masters,STEM,19,50-99,,1,29
21039,city_16,0.91,Male,Has relevent experience,no_enrollment,Masters,STEM,11,100-500,Funded Startup,>4,292
1776,city_160,0.92,Male,No relevent experience,no_enrollment,Graduate,No Major,>20,<10,Pvt Ltd,>4,134
1678,city_160,0.92,Male,Has relevent experience,no_enrollment,Masters,STEM,11,1000-4999,Pvt Ltd,4,152
11188,city_103,0.92,,Has relevent experience,no_enrollment,Graduate,STEM,14,,,1,6
5346,city_45,0.89,Male,No relevent experience,no_enrollment,Phd,STEM,>20,100-500,NGO,1,40
25867,city_75,0.939,Male,Has relevent experience,no_enrollment,Graduate,STEM,8,,,4,18
8335,city_103,0.92,Male,Has relevent experience,no_enrollment,High School,,7,100-500,Pvt Ltd,1,28
29417,city_102,0.804,Male,Has relevent experience,no_enrollment,Primary School,,>20,<10,Early Stage Startup,1,3
28383,city_150,0.698,Other,No relevent experience,Full time course,,,>20,,,never,97
31485,city_67,0.855,Male,Has relevent experience,no_enrollment,Graduate,STEM,5,100-500,Pvt Ltd,1,107
11330,city_114,0.926,Male,Has relevent experience,Part time course,Masters,STEM,18,50-99,Pvt Ltd,4,149
13259,city_103,0.92,Male,Has relevent experience,no_enrollment,Graduate,STEM,>20,1000-4999,Pvt Ltd,1,88
7539,city_75,0.939,Female,Has relevent experience,no_enrollment,Graduate,Other,>20,5000-9999,NGO,>4,46
18271,city_21,0.624,,No relevent experience,no_enrollment,Graduate,Other,1,,,never,10
19556,city_136,0.897,Male,Has relevent experience,no_enrollment,Graduate,STEM,7,50-99,Pvt Ltd,1,39
31232,city_21,0.624,Female,Has relevent experience,no_enrollment,Graduate,STEM,3,50-99,Pvt Ltd,2,150
1175,city_103,0.92,Male,Has relevent experience,no_enrollment,Graduate,STEM,5,5000-9999,Pvt Ltd,4,62
8107,city_65,0.802,Male,Has relevent experience,no_enrollment,Graduate,STEM,10,100-500,Pvt Ltd,2,55
2768,city_71,0.884,Male,Has relevent experience,Part time course,Graduate,STEM,6,<10,Pvt Ltd,1,34
26448,city_23,0.899,Male,No relevent experience,Full time course,Masters,STEM,13,Oct-49,Pvt Ltd,>4,106
22700,city_21,0.624,Male,Has relevent experience,Full time course,Graduate,STEM,8,100-500,Funded Startup,1,43
10287,city_160,0.92,Male,Has relevent experience,no_enrollment,Graduate,STEM,13,500-999,Pvt Ltd,1,20
21246,city_103,0.92,Male,Has relevent experience,Part time course,Masters,STEM,15,,Public Sector,4,37
9098,city_123,0.738,,Has relevent experience,Full time course,Masters,STEM,10,1000-4999,Pvt Ltd,1,6
17952,city_102,0.804,Male,No relevent experience,no_enrollment,,,3,,,never,21
3889,city_103,0.92,Male,No relevent experience,no_enrollment,Graduate,STEM,4,1000-4999,Pvt Ltd,2,34
268,city_103,0.92,Male,Has relevent experience,no_enrollment,Graduate,STEM,>20,Oct-49,Funded Startup,>4,76
27376,city_159,0.843,Male,No relevent experience,Full time course,Masters,STEM,6,100-500,Public Sector,1,210
22042,city_103,0.92,Male,Has relevent experience,no_enrollment,Masters,STEM,>20,,,>4,64
32395,city_103,0.92,Female,Has relevent experience,no_enrollment,Masters,STEM,>20,10000+,Pvt Ltd,>4,23
16955,city_10,0.895,Male,Has relevent experience,Full time course,Masters,STEM,>20,1000-4999,Public Sector,>4,90
15027,city_103,0.92,Male,Has relevent experience,no_enrollment,Graduate,STEM,>20,<10,Pvt Ltd,3,54
27771,city_16,0.91,Male,No relevent experience,no_enrollment,Graduate,STEM,>20,50-99,Pvt Ltd,>4,9
25918,city_36,0.893,Male,Has relevent experience,Full time course,Masters,STEM,13,50-99,Pvt Ltd,1,17
28694,city_103,0.92,Male,Has relevent experience,no_enrollment,Masters,Humanities,>20,50-99,NGO,1,290
10523,city_11,0.55,,No relevent experience,Full time course,Graduate,STEM,6,<10,,1,160
12163,city_134,0.698,,No relevent experience,no_enrollment,Phd,STEM,6,,,never,60
10279,city_71,0.884,,No relevent experience,Full time course,Graduate,STEM,6,,,never,45
20918,city_16,0.91,,Has relevent experience,no_enrollment,Graduate,STEM,9,50-99,Pvt Ltd,2,147
22940,city_71,0.884,Male,Has relevent experience,no_enrollment,Masters,STEM,7,50-99,Funded Startup,2,72
11283,city_103,0.92,Male,Has relevent experience,no_enrollment,Graduate,STEM,>20,10000+,Pvt Ltd,>4,26
15682,city_40,0.776,Female,Has relevent experience,no_enrollment,Graduate,STEM,10,50-99,Pvt Ltd,>4,86
29890,city_160,0.92,Male,No relevent experience,no_enrollment,Graduate,STEM,16,50-99,Funded Startup,>4,40
24998,city_173,0.878,Male,No relevent experience,no_enrollment,High School,,3,,,1,74
15853,city_50,0.896,,No relevent experience,no_enrollment,Graduate,Other,9,Oct-49,Pvt Ltd,>4,21
14581,city_16,0.91,Male,Has relevent experience,no_enrollment,Graduate,STEM,2,<10,Early Stage Startup,1,57
27390,city_103,0.92,Male,Has relevent experience,no_enrollment,Graduate,STEM,3,Oct-49,Pvt Ltd,1,58
21976,city_16,0.91,Male,Has relevent experience,no_enrollment,Graduate,STEM,>20,1000-4999,Public Sector,>4,34
28808,city_71,0.884,Male,Has relevent experience,no_enrollment,Masters,STEM,>20,,,>4,66
14285,city_173,0.878,,No relevent experience,Full time course,Graduate,Business Degree,2,100-500,Pvt Ltd,1,156
7784,city_45,0.89,Male,Has relevent experience,Part time course,High School,,10,Oct-49,Pvt Ltd,>4,13
15973,city_127,0.745,,No relevent experience,Full time course,Graduate,STEM,3,,,1,53
24155,city_21,0.624,Male,Has relevent experience,no_enrollment,Graduate,STEM,11,<10,Pvt Ltd,2,14
24815,city_103,0.92,,Has relevent experience,no_enrollment,Masters,STEM,7,500-999,Pvt Ltd,4,77
21023,city_2,0.788,,No relevent experience,no_enrollment,Masters,Arts,<1,<10,Pvt Ltd,never,26
27787,city_160,0.92,Male,Has relevent experience,no_enrollment,Graduate,STEM,>20,100-500,Pvt Ltd,2,90
24378,city_127,0.745,Male,No relevent experience,no_enrollment,Graduate,STEM,<1,,,never,15
7346,city_103,0.92,Male,Has relevent experience,no_enrollment,Graduate,STEM,5,10000+,NGO,2,24
25958,city_103,0.92,Male,Has relevent experience,no_enrollment,Graduate,STEM,12,10000+,Pvt Ltd,1,44
32635,city_159,0.843,Male,No relevent experience,Full time course,Graduate,STEM,5,,,never,52
1985,city_21,0.624,Male,No relevent experience,Full time course,High School,,5,,,never,35
288,city_98,0.949,Male,Has relevent experience,no_enrollment,Graduate,STEM,15,50-99,Pvt Ltd,>4,8
27281,city_103,0.92,,Has relevent experience,no_enrollment,Graduate,STEM,8,10000+,Pvt Ltd,1,32
7953,city_21,0.624,,Has relevent experience,Full time course,Graduate,STEM,3,Oct-49,Pvt Ltd,1,300
366,city_176,0.764,Male,No relevent experience,no_enrollment,Graduate,STEM,3,,,1,50
27108,city_103,0.92,Male,Has relevent experience,no_enrollment,Graduate,STEM,>20,50-99,Pvt Ltd,>4,17
9514,city_160,0.92,Male,Has relevent experience,Full time course,High School,,12,100-500,Pvt Ltd,1,9
17386,city_176,0.764,Male,Has relevent experience,Full time course,Graduate,STEM,5,<10,Pvt Ltd,>4,133
4889,city_16,0.91,Male,Has relevent experience,no_enrollment,Graduate,STEM,5,50-99,Pvt Ltd,4,53
22974,city_160,0.92,Male,Has relevent experience,no_enrollment,Masters,Humanities,>20,,,2,105
28176,city_103,0.92,Male,Has relevent experience,no_enrollment,Graduate,STEM,>20,50-99,Early Stage Startup,1,43
17224,city_16,0.91,Male,Has relevent experience,no_enrollment,Graduate,STEM,13,,,1,119
32636,city_21,0.624,,No relevent experience,no_enrollment,Masters,STEM,2,50-99,Pvt Ltd,2,18
21511,city_114,0.926,,No relevent experience,no_enrollment,High School,,4,,,never,45
25408,city_21,0.624,,Has relevent experience,Full time course,Graduate,STEM,6,,,1,94
10308,city_160,0.92,Female,No relevent experience,no_enrollment,Graduate,STEM,1,100-500,NGO,1,8
6509,city_21,0.624,Male,Has relevent experience,no_enrollment,Graduate,STEM,10,10000+,Pvt Ltd,>4,27
12676,city_114,0.926,Male,Has relevent experience,Part time course,Graduate,STEM,12,10000+,Pvt Ltd,1,39
22320,city_102,0.804,Male,Has relevent experience,no_enrollment,Graduate,STEM,>20,500-999,Pvt Ltd,>4,70
19403,city_21,0.624,Female,Has relevent experience,no_enrollment,Graduate,STEM,3,5000-9999,Pvt Ltd,1,50
25679,city_40,0.776,Male,Has relevent experience,Full time course,Masters,STEM,18,100-500,Public Sector,3,65
25097,city_102,0.804,Male,No relevent experience,Full time course,Graduate,STEM,8,,,>4,14
30538,city_103,0.92,Male,Has relevent experience,no_enrollment,Masters,STEM,16,10000+,Pvt Ltd,>4,4
29321,city_28,0.939,Male,Has relevent experience,Full time course,Masters,STEM,20,100-500,Pvt Ltd,>4,35
5083,city_103,0.92,Male,Has relevent experience,no_enrollment,Graduate,STEM,9,100-500,Pvt Ltd,3,46
17194,city_102,0.804,Male,Has relevent experience,no_enrollment,Masters,STEM,11,50-99,Pvt Ltd,1,61
25371,city_173,0.878,Male,Has relevent experience,no_enrollment,Graduate,STEM,>20,Oct-49,Pvt Ltd,>4,47
25629,city_114,0.926,Male,No relevent experience,no_enrollment,Masters,STEM,>20,100-500,Pvt Ltd,>4,91
2790,city_128,0.527,Male,Has relevent experience,no_enrollment,Graduate,STEM,4,,,1,46
31615,city_160,0.92,Male,Has relevent experience,no_enrollment,Graduate,STEM,>20,500-999,Pvt Ltd,>4,66
9134,city_21,0.624,,Has relevent experience,no_enrollment,Graduate,STEM,7,50-99,Pvt Ltd,2,85
23968,city_160,0.92,,Has relevent experience,no_enrollment,Graduate,STEM,20,50-99,Pvt Ltd,2,42
24908,city_21,0.624,,Has relevent experience,Full time course,,,4,<10,,1,156
22712,city_162,0.767,,Has relevent experience,no_enrollment,Graduate,STEM,16,100-500,Pvt Ltd,>4,21
11063,city_159,0.843,Male,No relevent experience,Full time course,Masters,STEM,3,,Public Sector,1,80
16129,city_103,0.92,Male,No relevent experience,Full time course,High School,,4,,,1,10
25292,city_100,0.887,,Has relevent experience,no_enrollment,,,1,5000-9999,Pvt Ltd,never,48
11796,city_65,0.802,Male,No relevent experience,no_enrollment,Graduate,STEM,<1,,,2,29
31234,city_36,0.893,Male,Has relevent experience,Full time course,Graduate,STEM,10,,,2,96
4581,city_23,0.899,Male,No relevent experience,no_enrollment,Graduate,No Major,5,1000-4999,Public Sector,1,79
17703,city_103,0.92,Male,Has relevent experience,no_enrollment,Masters,STEM,>20,10000+,Public Sector,>4,50
30036,city_46,0.762,Male,Has relevent experience,no_enrollment,Graduate,STEM,2,Oct-49,Pvt Ltd,1,112
9837,city_61,0.913,Male,Has relevent experience,no_enrollment,Graduate,STEM,>20,,,1,42
2715,city_16,0.91,Male,No relevent experience,Full time course,High School,,5,,,1,112
22652,city_16,0.91,,Has relevent experience,no_enrollment,Graduate,STEM,19,,,3,106
15158,city_16,0.91,Other,Has relevent experience,no_enrollment,Graduate,Humanities,5,1000-4999,Pvt Ltd,>4,134
830,city_103,0.92,Male,Has relevent experience,no_enrollment,Graduate,STEM,>20,5000-9999,Pvt Ltd,1,83
24660,city_103,0.92,,No relevent experience,no_enrollment,Phd,Humanities,8,100-500,Pvt Ltd,3,23
2915,city_150,0.698,,No relevent experience,,High School,,2,,,,27
18322,city_103,0.92,Male,Has relevent experience,Full time course,Graduate,STEM,7,50-99,Pvt Ltd,3,84
23189,city_16,0.91,Male,Has relevent experience,no_enrollment,Graduate,STEM,16,1000-4999,Pvt Ltd,3,108
25544,city_16,0.91,Male,Has relevent experience,no_enrollment,Graduate,STEM,12,50-99,Pvt Ltd,1,64
15534,city_149,0.689,,Has relevent experience,no_enrollment,Graduate,Humanities,>20,,,1,8
12312,city_21,0.624,,Has relevent experience,Full time course,Graduate,STEM,4,,Pvt Ltd,2,41
7789,city_40,0.776,,Has relevent experience,Part time course,Graduate,STEM,7,,,1,54
6335,city_103,0.92,,Has relevent experience,no_enrollment,Graduate,Humanities,>20,<10,Early Stage Startup,1,47
17675,city_160,0.92,Male,Has relevent experience,no_enrollment,Graduate,STEM,5,Oct-49,Funded Startup,2,35
7156,city_103,0.92,Male,No relevent experience,Full time course,Graduate,STEM,6,,NGO,2,18
14816,city_61,0.913,Male,Has relevent experience,no_enrollment,Masters,STEM,>20,,,>4,212
31402,city_103,0.92,Male,Has relevent experience,no_enrollment,Graduate,STEM,>20,,,2,192
12759,city_136,0.897,Male,Has relevent experience,Full time course,Masters,STEM,8,100-500,Pvt Ltd,2,23
18706,city_143,0.74,Male,Has relevent experience,Full time course,Masters,STEM,>20,,,>4,107
